BEGIN;

INSERT INTO USERS (ID, FIRST_NAME, LAST_NAME, EMAIL, PASSWORD, ROLE, STATUS) VALUES (1, 'Paweł', 'Kocan', '148833@stud.prz.edu.pl', '$2a$04$LUCZ9Co/YSdhrG.nXs2pZO.R1FgkE21xz6VDWbsEPeKI7ehqTMlsS', 'ADMINISTRATOR', 'ACTIVE');
INSERT INTO USERS (ID, FIRST_NAME, LAST_NAME, EMAIL, PASSWORD, ROLE, STATUS) VALUES (2, 'Paweł', 'Kocan', 'pkocan@interia.pl', '$2a$10$HeeTPnyptJzQzQT/Ot3D3ex92kWvqxS3mh4UCUwhR5/3z1oZos7kW', 'ADMINISTRATOR', 'ACTIVE');
INSERT INTO USERS (ID, FIRST_NAME, LAST_NAME, EMAIL, PASSWORD, ROLE, STATUS) VALUES (3, 'Sławomir', 'Samolej', 'ssamolej@kia.prz.edu.pl', '$2a$04$LUCZ9Co/YSdhrG.nXs2pZO.R1FgkE21xz6VDWbsEPeKI7ehqTMlsS', 'ADMINISTRATOR', 'ACTIVE');
INSERT INTO USERS (ID, FIRST_NAME, LAST_NAME, EMAIL, PASSWORD, ROLE, STATUS) VALUES (4, 'Steffen', 'Helke', 'helke.steffen@fh-swf.de', '$2a$04$LUCZ9Co/YSdhrG.nXs2pZO.R1FgkE21xz6VDWbsEPeKI7ehqTMlsS', 'ADMINISTRATOR', 'ACTIVE');
SELECT setval('USER_SEQUENCE', MAX(id)) FROM USERS;
COMMIT;

BEGIN;
INSERT INTO COURSES(ID, ACTIVE, COURSE_UNIT_CODE, NAME, DURATION_OF_COURSE_UNIT, CREDITS, SEMESTER, DEPARTMENT, NUMBER_OF_HOURS) VALUES (1, 'true', '354', 'Analiza matematyczna i algebra liniowa', '1S', '6', 'S', 'WEiI', '25W + 15L + 7K');
INSERT INTO COURSES(ID, ACTIVE, COURSE_UNIT_CODE, NAME, DURATION_OF_COURSE_UNIT, CREDITS, SEMESTER, DEPARTMENT, NUMBER_OF_HOURS) VALUES (2, 'true', '359', 'Bezpieczeństwo pracy i ergonomia', '1S', '1', 'S', 'WEiI', '30W + 15L + 7K');
INSERT INTO COURSES(ID, ACTIVE, COURSE_UNIT_CODE, NAME, DURATION_OF_COURSE_UNIT, CREDITS, SEMESTER, DEPARTMENT, NUMBER_OF_HOURS) VALUES (3, 'true', '362', 'Ekonomia', '1S', '1', 'S', 'WEiI', '25W + 15L + 7K');
INSERT INTO COURSES(ID, ACTIVE, COURSE_UNIT_CODE, NAME, DURATION_OF_COURSE_UNIT, CREDITS, SEMESTER, DEPARTMENT, NUMBER_OF_HOURS) VALUES (4, 'true', '2702', 'Etyka', '1S', '1', 'S', 'WEiI', '30W + 20L + 7K');
INSERT INTO COURSES(ID, ACTIVE, COURSE_UNIT_CODE, NAME, DURATION_OF_COURSE_UNIT, CREDITS, SEMESTER, DEPARTMENT, NUMBER_OF_HOURS) VALUES (5, 'true', '365', 'Fizyka', '1S', '5', 'S', 'WEiI', '25W + 15L + 7K');
INSERT INTO COURSES(ID, ACTIVE, COURSE_UNIT_CODE, NAME, DURATION_OF_COURSE_UNIT, CREDITS, SEMESTER, DEPARTMENT, NUMBER_OF_HOURS) VALUES (6, 'true', '382', 'Programowanie w języku C', '1S', '4', 'W', 'WEiI', '30W + 15L + 7K');
INSERT INTO COURSES(ID, ACTIVE, COURSE_UNIT_CODE, NAME, DURATION_OF_COURSE_UNIT, CREDITS, SEMESTER, DEPARTMENT, NUMBER_OF_HOURS) VALUES (7, 'true', '391', 'Sygnały i systemy', '1S', '5', 'W', 'WEiI', '25W + 15L + 7K');
INSERT INTO COURSES(ID, ACTIVE, COURSE_UNIT_CODE, NAME, DURATION_OF_COURSE_UNIT, CREDITS, SEMESTER, DEPARTMENT, NUMBER_OF_HOURS) VALUES (8, 'true', '409', 'Wstęp do programowania', '1S', '4', 'S', 'WEiI', '30W + 15L + 7K');
INSERT INTO COURSES(ID, ACTIVE, COURSE_UNIT_CODE, NAME, DURATION_OF_COURSE_UNIT, CREDITS, SEMESTER, DEPARTMENT, NUMBER_OF_HOURS) VALUES (9, 'true', '2995', 'Wychowanie fizyczne', '2S', '2', 'S', 'WEiI', '25W + 15L + 7K');
INSERT INTO COURSES(ID, ACTIVE, COURSE_UNIT_CODE, NAME, DURATION_OF_COURSE_UNIT, CREDITS, SEMESTER, DEPARTMENT, NUMBER_OF_HOURS) VALUES (10, 'true', '353', 'Algorytmy i struktury danych', '1S', '5', 'W', 'WEiI', '30W + 15L + 7K');
INSERT INTO COURSES(ID, ACTIVE, COURSE_UNIT_CODE, NAME, DURATION_OF_COURSE_UNIT, CREDITS, SEMESTER, DEPARTMENT, NUMBER_OF_HOURS) VALUES (11, 'true', '356', 'Architektura systemów komputerowych', '1S', '4', 'S', 'WEiI', '25W + 15L + 7K');
INSERT INTO COURSES(ID, ACTIVE, COURSE_UNIT_CODE, NAME, DURATION_OF_COURSE_UNIT, CREDITS, SEMESTER, DEPARTMENT, NUMBER_OF_HOURS) VALUES (12, 'true', '364', 'Elementy logiki i arytmetyki komputerów', '1S', '4', 'W', 'WEiI', '30W + 15L + 7K');
INSERT INTO COURSES(ID, ACTIVE, COURSE_UNIT_CODE, NAME, DURATION_OF_COURSE_UNIT, CREDITS, SEMESTER, DEPARTMENT, NUMBER_OF_HOURS) VALUES (13, 'true', '371', 'Logika i teoria mnogości', '1S', '3', 'S', 'WEiI', '30W + 15L + 7K');
INSERT INTO COURSES(ID, ACTIVE, COURSE_UNIT_CODE, NAME, DURATION_OF_COURSE_UNIT, CREDITS, SEMESTER, DEPARTMENT, NUMBER_OF_HOURS) VALUES (14, 'true', '372', 'Matematyka dyskretna 1', '1S', '4', 'W', 'WEiI', '25W + 15L + 7K');
INSERT INTO COURSES(ID, ACTIVE, COURSE_UNIT_CODE, NAME, DURATION_OF_COURSE_UNIT, CREDITS, SEMESTER, DEPARTMENT, NUMBER_OF_HOURS) VALUES (15, 'true', '373', 'Metody numeryczne', '1S', '5', 'W', 'WEiI', '30W + 15L + 7K');
INSERT INTO COURSES(ID, ACTIVE, COURSE_UNIT_CODE, NAME, DURATION_OF_COURSE_UNIT, CREDITS, SEMESTER, DEPARTMENT, NUMBER_OF_HOURS) VALUES (16, 'true', '399', 'Technika informacyjno-pomiarowa', '1S', '4', 'W', 'WEiI', '25W + 15L + 7K');
INSERT INTO COURSES(ID, ACTIVE, COURSE_UNIT_CODE, NAME, DURATION_OF_COURSE_UNIT, CREDITS, SEMESTER, DEPARTMENT, NUMBER_OF_HOURS) VALUES (17, 'true', '369', 'Języki, automaty i obliczenia', '1S', '6', 'W', 'WEiI', '30W + 15L + 7K');
INSERT INTO COURSES(ID, ACTIVE, COURSE_UNIT_CODE, NAME, DURATION_OF_COURSE_UNIT, CREDITS, SEMESTER, DEPARTMENT, NUMBER_OF_HOURS) VALUES (18, 'true', '374', 'Metody probabilistyczne i statystyka', '1S', '4', 'W', 'WEiI', '25W + 15L + 7K');
INSERT INTO COURSES(ID, ACTIVE, COURSE_UNIT_CODE, NAME, DURATION_OF_COURSE_UNIT, CREDITS, SEMESTER, DEPARTMENT, NUMBER_OF_HOURS) VALUES (19, 'true', '378', 'Podstawy elektroniki', '1S', '4', 'S', 'WEiI', '25W + 15L + 7K');
INSERT INTO COURSES(ID, ACTIVE, COURSE_UNIT_CODE, NAME, DURATION_OF_COURSE_UNIT, CREDITS, SEMESTER, DEPARTMENT, NUMBER_OF_HOURS) VALUES (20, 'true', '383', 'Programowanie w języku C++', '1S', '6', 'S', 'WEiI', '30W + 15L + 7K');
INSERT INTO COURSES(ID, ACTIVE, COURSE_UNIT_CODE, NAME, DURATION_OF_COURSE_UNIT, CREDITS, SEMESTER, DEPARTMENT, NUMBER_OF_HOURS) VALUES (21, 'true', '393', 'Systemy operacyjne', '1S', '6', 'S', 'WEiI', '25W + 15L + 7K');
INSERT INTO COURSES(ID, ACTIVE, COURSE_UNIT_CODE, NAME, DURATION_OF_COURSE_UNIT, CREDITS, SEMESTER, DEPARTMENT, NUMBER_OF_HOURS) VALUES (22, 'true', '404', 'Układy zasilające w systemach komputerowych', '1S', '2', 'S', 'WEiI', '30W + 15L + 7K');
INSERT INTO COURSES(ID, ACTIVE, COURSE_UNIT_CODE, NAME, DURATION_OF_COURSE_UNIT, CREDITS, SEMESTER, DEPARTMENT, NUMBER_OF_HOURS) VALUES (23, 'true', '357', 'Bazy danych', '1S', '5', 'S', 'WEiI', '25W + 15L + 7K');
INSERT INTO COURSES(ID, ACTIVE, COURSE_UNIT_CODE, NAME, DURATION_OF_COURSE_UNIT, CREDITS, SEMESTER, DEPARTMENT, NUMBER_OF_HOURS) VALUES (24, 'true', '366', 'Grafika komputerowa', '1S', '3', 'W', 'WEiI', '30W + 15L + 7K');
INSERT INTO COURSES(ID, ACTIVE, COURSE_UNIT_CODE, NAME, DURATION_OF_COURSE_UNIT, CREDITS, SEMESTER, DEPARTMENT, NUMBER_OF_HOURS) VALUES (25, 'true', '368', 'Inżynieria oprogramowania', '1S', '5', 'W', 'WEiI', '25W + 15L + 7K');
INSERT INTO COURSES(ID, ACTIVE, COURSE_UNIT_CODE, NAME, DURATION_OF_COURSE_UNIT, CREDITS, SEMESTER, DEPARTMENT, NUMBER_OF_HOURS) VALUES (26, 'true', '375', 'Mikronapędy w systemach komputerowych', '1S', '2', 'S', 'WEiI', '30W + 15L + 7K');
INSERT INTO COURSES(ID, ACTIVE, COURSE_UNIT_CODE, NAME, DURATION_OF_COURSE_UNIT, CREDITS, SEMESTER, DEPARTMENT, NUMBER_OF_HOURS) VALUES (27, 'true', '379', 'Podstawy telekomunikacji', '1S', '2', 'S', 'WEiI', '25W + 15L + 7K');
INSERT INTO COURSES(ID, ACTIVE, COURSE_UNIT_CODE, NAME, DURATION_OF_COURSE_UNIT, CREDITS, SEMESTER, DEPARTMENT, NUMBER_OF_HOURS) VALUES (28, 'true', '2707', 'Praktyka', '1S', '2', 'S', 'WEiI', '30W + 15L + 7K');
INSERT INTO COURSES(ID, ACTIVE, COURSE_UNIT_CODE, NAME, DURATION_OF_COURSE_UNIT, CREDITS, SEMESTER, DEPARTMENT, NUMBER_OF_HOURS) VALUES (29, 'true', '2781', 'Sieci komputerowe I', '1S', '4', 'W', 'WEiI', '25W + 15L + 7K');
INSERT INTO COURSES(ID, ACTIVE, COURSE_UNIT_CODE, NAME, DURATION_OF_COURSE_UNIT, CREDITS, SEMESTER, DEPARTMENT, NUMBER_OF_HOURS) VALUES (30, 'true', '398', 'Sztuczna inteligencja', '1S', '5', 'W', 'WEiI', '30W + 15L + 7K');
INSERT INTO COURSES(ID, ACTIVE, COURSE_UNIT_CODE, NAME, DURATION_OF_COURSE_UNIT, CREDITS, SEMESTER, DEPARTMENT, NUMBER_OF_HOURS) VALUES (31, 'true', '367', 'Interakcja człowiek-komputer', '1S', '4', 'S', 'WEiI', '25W + 15L + 7K');
INSERT INTO COURSES(ID, ACTIVE, COURSE_UNIT_CODE, NAME, DURATION_OF_COURSE_UNIT, CREDITS, SEMESTER, DEPARTMENT, NUMBER_OF_HOURS) VALUES (32, 'true', '381', 'Programowanie niskopoziomowe', '1S', '3', 'W', 'WEiI', '30W + 15L + 7K');
INSERT INTO COURSES(ID, ACTIVE, COURSE_UNIT_CODE, NAME, DURATION_OF_COURSE_UNIT, CREDITS, SEMESTER, DEPARTMENT, NUMBER_OF_HOURS) VALUES (33, 'true', '390', 'Sieci komputerowe II (A)', '1S', '4', 'S', 'WEiI', '25W + 15L + 7K');
INSERT INTO COURSES(ID, ACTIVE, COURSE_UNIT_CODE, NAME, DURATION_OF_COURSE_UNIT, CREDITS, SEMESTER, DEPARTMENT, NUMBER_OF_HOURS) VALUES (34, 'true', '394', 'Systemy operacyjne LINUX i QNX', '1S', '3', 'W', 'WEiI', '30W + 15L + 7K');
INSERT INTO COURSES(ID, ACTIVE, COURSE_UNIT_CODE, NAME, DURATION_OF_COURSE_UNIT, CREDITS, SEMESTER, DEPARTMENT, NUMBER_OF_HOURS) VALUES (35, 'true', '401', 'Technologie sieci WEB', '1S', '5', 'S', 'WEiI', '25W + 15L + 7K');
INSERT INTO COURSES(ID, ACTIVE, COURSE_UNIT_CODE, NAME, DURATION_OF_COURSE_UNIT, CREDITS, SEMESTER, DEPARTMENT, NUMBER_OF_HOURS) VALUES (36, 'true', '408', 'Wizja komputerowa', '1S', '4', 'S', 'WEiI', '30W + 15L + 7K');
INSERT INTO COURSES(ID, ACTIVE, COURSE_UNIT_CODE, NAME, DURATION_OF_COURSE_UNIT, CREDITS, SEMESTER, DEPARTMENT, NUMBER_OF_HOURS) VALUES (37, 'true', '5873', 'Zarządzanie projektami', '1S', '2', 'W', 'WEiI', '25W + 15L + 7K');
INSERT INTO COURSES(ID, ACTIVE, COURSE_UNIT_CODE, NAME, DURATION_OF_COURSE_UNIT, CREDITS, SEMESTER, DEPARTMENT, NUMBER_OF_HOURS) VALUES (38, 'true', '361', 'Bezpieczeństwo systemów informatycznych', '1S', '3', 'S', 'WEiI', '30W + 15L + 7K');
INSERT INTO COURSES(ID, ACTIVE, COURSE_UNIT_CODE, NAME, DURATION_OF_COURSE_UNIT, CREDITS, SEMESTER, DEPARTMENT, NUMBER_OF_HOURS) VALUES (39, 'true', '370', 'Komunikacja w sieciach mikrokomputerowych', '1S', '4', 'W', 'WEiI', '25W + 15L + 7K');
INSERT INTO COURSES(ID, ACTIVE, COURSE_UNIT_CODE, NAME, DURATION_OF_COURSE_UNIT, CREDITS, SEMESTER, DEPARTMENT, NUMBER_OF_HOURS) VALUES (40, 'true', '384', 'Programowanie w języku Java', '1S', '3', 'S', 'WEiI', '30W + 15L + 7K');
INSERT INTO COURSES(ID, ACTIVE, COURSE_UNIT_CODE, NAME, DURATION_OF_COURSE_UNIT, CREDITS, SEMESTER, DEPARTMENT, NUMBER_OF_HOURS) VALUES (41, 'true', '2704', 'Seminarium dyplomowe', '1S', '7', 'W', 'WEiI', '25W + 15L + 7K');
INSERT INTO COURSES(ID, ACTIVE, COURSE_UNIT_CODE, NAME, DURATION_OF_COURSE_UNIT, CREDITS, SEMESTER, DEPARTMENT, NUMBER_OF_HOURS) VALUES (42, 'true', '397', 'Systemy wbudowane', '1S', '5', 'S', 'WEiI', '30W + 15L + 7K');
INSERT INTO COURSES(ID, ACTIVE, COURSE_UNIT_CODE, NAME, DURATION_OF_COURSE_UNIT, CREDITS, SEMESTER, DEPARTMENT, NUMBER_OF_HOURS) VALUES (43, 'true', '400', 'Techniki multimedialne', '1S', '4', 'W', 'WEiI', '25W + 15L + 7K');
INSERT INTO COURSES(ID, ACTIVE, COURSE_UNIT_CODE, NAME, DURATION_OF_COURSE_UNIT, CREDITS, SEMESTER, DEPARTMENT, NUMBER_OF_HOURS) VALUES (44, 'true', '2706', 'Praca dyplomowa', '1S', '20', 'S', 'WEiI', '30W + 15L + 7K');
INSERT INTO COURSES(ID, ACTIVE, COURSE_UNIT_CODE, NAME, DURATION_OF_COURSE_UNIT, CREDITS, SEMESTER, DEPARTMENT, NUMBER_OF_HOURS) VALUES (45, 'true', '380', 'Problemy społeczne i zawodowe informatyki', '1S', '3', 'W', 'WEiI', '25W + 15L + 7K');
INSERT INTO COURSES(ID, ACTIVE, COURSE_UNIT_CODE, NAME, DURATION_OF_COURSE_UNIT, CREDITS, SEMESTER, DEPARTMENT, NUMBER_OF_HOURS) VALUES (46, 'true', '2708', 'Projekt/Pracownia problemowa', '1S', '4', 'S', 'WEiI', '30W + 15L + 7K');
INSERT INTO COURSES(ID, ACTIVE, COURSE_UNIT_CODE, NAME, DURATION_OF_COURSE_UNIT, CREDITS, SEMESTER, DEPARTMENT, NUMBER_OF_HOURS) VALUES (47, 'true', '11113', 'Wykład monograficzny', '1S', '1', 'W', 'WEiI', '25W + 15L + 7K');
SELECT setval('COURSE_SEQUENCE', MAX(id)) FROM COURSES;
COMMIT;

BEGIN;
INSERT INTO STUDENTS (ID, ACADEMIC_YEAR, DEPARTMENTAL_COORDINATOR_EMAIL, DEPARTMENTAL_COORDINATOR_FAX, DEPARTMENTAL_COORDINATOR_ACADEMIC_TITLE, DEPARTMENTAL_COORDINATOR_FIRST_NAME, DEPARTMENTAL_COORDINATOR_LAST_NAME, DEPARTMENTAL_COORDINATOR_PHONE, FIELD_OF_STUDY, DEPARTMENT, STUDENT_MATRICULATION_NUMBER, SEMESTER, DEGREE_OF_STUDY, STUDENT_CURRENT_ADDRESS, STUDENT_DATE_OF_BIRTH, STUDENT_EMAIL, STUDENT_FIRST_NAME, STUDENT_LAST_NAME, STUDENT_NATIONALITY, STUDENT_PERIOD_OF_STUDY_FROM, STUDENT_PERIOD_OF_STUDY_UNTIL, STUDENT_PHONE, STUDENT_PLACE_OF_BIRTH, STUDENT_SEX, STUDY_CYCLE) VALUES (1, '2018-2019', 'ssamolej@kia.prz.edu.pl', '+35722713237', 'dr inż.', 'Sławomir', 'Samolej', '177432055', 'Computer Engineering', 'Electronics', '162469', 'S', 'BACHELOR', 'Strovolos Evropis 8 flat. 13', '09-09-1996', 'andreashalios@gmail.com', 'Andreas', 'Halios', 'Cypr', '09-09-1996', '09-09-1996', '35796528791', 'Nicosia', 'MALE', 'FULLTIME');
INSERT INTO STUDENTS (ID, ACADEMIC_YEAR, DEPARTMENTAL_COORDINATOR_EMAIL, DEPARTMENTAL_COORDINATOR_FAX, DEPARTMENTAL_COORDINATOR_ACADEMIC_TITLE, DEPARTMENTAL_COORDINATOR_FIRST_NAME, DEPARTMENTAL_COORDINATOR_LAST_NAME, DEPARTMENTAL_COORDINATOR_PHONE, FIELD_OF_STUDY, DEPARTMENT, STUDENT_MATRICULATION_NUMBER, SEMESTER, DEGREE_OF_STUDY, STUDENT_CURRENT_ADDRESS, STUDENT_DATE_OF_BIRTH, STUDENT_EMAIL, STUDENT_FIRST_NAME, STUDENT_LAST_NAME, STUDENT_NATIONALITY, STUDENT_PERIOD_OF_STUDY_FROM, STUDENT_PERIOD_OF_STUDY_UNTIL, STUDENT_PHONE, STUDENT_PLACE_OF_BIRTH, STUDENT_SEX, STUDY_CYCLE) VALUES (2, '2017-2018', 'ssamolej@kia.prz.edu.pl', '+35722713238', 'dr inż.', 'Sławomir', 'Samolej', '177432055', 'Computer Engineering', 'Electronics and Software', '162468', 'W', 'BACHELOR', 'Sunny 11 flat. 15', '11-05-1997', 'ritacorreia@gmail.com', 'Rita', 'Correia', 'Hiszpania', '09-09-1996', '09-09-1996', '98796528791', 'Barcelona', 'FEMALE', 'FULLTIME');
INSERT INTO STUDENTS (ID, ACADEMIC_YEAR, DEPARTMENTAL_COORDINATOR_EMAIL, DEPARTMENTAL_COORDINATOR_FAX, DEPARTMENTAL_COORDINATOR_ACADEMIC_TITLE, DEPARTMENTAL_COORDINATOR_FIRST_NAME, DEPARTMENTAL_COORDINATOR_LAST_NAME, DEPARTMENTAL_COORDINATOR_PHONE, FIELD_OF_STUDY, DEPARTMENT, STUDENT_MATRICULATION_NUMBER, SEMESTER, DEGREE_OF_STUDY, STUDENT_CURRENT_ADDRESS, STUDENT_DATE_OF_BIRTH, STUDENT_EMAIL, STUDENT_FIRST_NAME, STUDENT_LAST_NAME, STUDENT_NATIONALITY, STUDENT_PERIOD_OF_STUDY_FROM, STUDENT_PERIOD_OF_STUDY_UNTIL, STUDENT_PHONE, STUDENT_PLACE_OF_BIRTH, STUDENT_SEX, STUDY_CYCLE) VALUES (3, '2018-2019', 'ssamolej@kia.prz.edu.pl', '+35722713238', 'dr inż.', 'Sławomir', 'Samolej', '177432055', 'Graphic', 'Mechanic', '162470', 'W', 'BACHELOR', 'Yello 213 flat. 99', '07-01-1996', 'jeanclaude@gmail.com', 'Jean', 'Claude', 'Francja', '09-09-1996', '09-09-1996', '98796528791', 'Paris', 'MALE', 'FULLTIME');
INSERT INTO STUDENTS (ID, ACADEMIC_YEAR, DEPARTMENTAL_COORDINATOR_EMAIL, DEPARTMENTAL_COORDINATOR_FAX, DEPARTMENTAL_COORDINATOR_ACADEMIC_TITLE, DEPARTMENTAL_COORDINATOR_FIRST_NAME, DEPARTMENTAL_COORDINATOR_LAST_NAME, DEPARTMENTAL_COORDINATOR_PHONE, FIELD_OF_STUDY, DEPARTMENT, STUDENT_MATRICULATION_NUMBER, SEMESTER, DEGREE_OF_STUDY, STUDENT_CURRENT_ADDRESS, STUDENT_DATE_OF_BIRTH, STUDENT_EMAIL, STUDENT_FIRST_NAME, STUDENT_LAST_NAME, STUDENT_NATIONALITY, STUDENT_PERIOD_OF_STUDY_FROM, STUDENT_PERIOD_OF_STUDY_UNTIL, STUDENT_PHONE, STUDENT_PLACE_OF_BIRTH, STUDENT_SEX, STUDY_CYCLE) VALUES (4, '2019-2020', 'ssamolej@kia.prz.edu.pl', '+35722713237', 'dr inż.', 'Sławomir', 'Samolej', '177432055', 'Electronics', 'Physics', '162471', 'W', 'BACHELOR', 'Brooklyn Street 23', '19-03-1998', 'mathewferry@gmail.com', 'Mathew', 'Ferry', 'Wielka Brytania', '01-10-2019', '01-03-2020', '1122334455', 'London', 'MALE', 'FULLTIME');
INSERT INTO STUDENTS (ID, ACADEMIC_YEAR, DEPARTMENTAL_COORDINATOR_EMAIL, DEPARTMENTAL_COORDINATOR_FAX, DEPARTMENTAL_COORDINATOR_ACADEMIC_TITLE, DEPARTMENTAL_COORDINATOR_FIRST_NAME, DEPARTMENTAL_COORDINATOR_LAST_NAME, DEPARTMENTAL_COORDINATOR_PHONE, FIELD_OF_STUDY, DEPARTMENT, STUDENT_MATRICULATION_NUMBER, SEMESTER, DEGREE_OF_STUDY, STUDENT_CURRENT_ADDRESS, STUDENT_DATE_OF_BIRTH, STUDENT_EMAIL, STUDENT_FIRST_NAME, STUDENT_LAST_NAME, STUDENT_NATIONALITY, STUDENT_PERIOD_OF_STUDY_FROM, STUDENT_PERIOD_OF_STUDY_UNTIL, STUDENT_PHONE, STUDENT_PLACE_OF_BIRTH, STUDENT_SEX, STUDY_CYCLE) VALUES (5, '2019-2020', 'ssamolej@kia.prz.edu.pl', '+35722713238', 'dr inż.', 'Sławomir', 'Samolej', '177432055', 'Telecommunication', 'Physics and Telecommunication', '162472', 'W', 'BACHELOR', 'Workfrot 1121 flat. 15', '11-05-1997', 'annikamellia@gmail.com', 'Annika', 'Mellia', 'Francja', '01-10-2019', '01-03-2020', '34234228791', 'Paris', 'FEMALE', 'FULLTIME');
INSERT INTO STUDENTS (ID, ACADEMIC_YEAR, DEPARTMENTAL_COORDINATOR_EMAIL, DEPARTMENTAL_COORDINATOR_FAX, DEPARTMENTAL_COORDINATOR_ACADEMIC_TITLE, DEPARTMENTAL_COORDINATOR_FIRST_NAME, DEPARTMENTAL_COORDINATOR_LAST_NAME, DEPARTMENTAL_COORDINATOR_PHONE, FIELD_OF_STUDY, DEPARTMENT, STUDENT_MATRICULATION_NUMBER, SEMESTER, DEGREE_OF_STUDY, STUDENT_CURRENT_ADDRESS, STUDENT_DATE_OF_BIRTH, STUDENT_EMAIL, STUDENT_FIRST_NAME, STUDENT_LAST_NAME, STUDENT_NATIONALITY, STUDENT_PERIOD_OF_STUDY_FROM, STUDENT_PERIOD_OF_STUDY_UNTIL, STUDENT_PHONE, STUDENT_PLACE_OF_BIRTH, STUDENT_SEX, STUDY_CYCLE) VALUES (6, '2019-2020', 'ssamolej@kia.prz.edu.pl', '+35722713238', 'dr inż.', 'Sławomir', 'Samolej', '177432055', 'Mathematics', 'Applied Science', '162473', 'W', 'BACHELOR', 'Suburbian 21213 flat. 199', '07-01-1996', 'robertocarlos@gmail.com', 'Roberto', 'Carolos', 'Brazylia', '01-10-2019', '01-03-2020', '57335753573', 'Sau Paulo', 'MALE', 'FULLTIME');
INSERT INTO STUDENTS (ID, ACADEMIC_YEAR, DEPARTMENTAL_COORDINATOR_EMAIL, DEPARTMENTAL_COORDINATOR_FAX, DEPARTMENTAL_COORDINATOR_ACADEMIC_TITLE, DEPARTMENTAL_COORDINATOR_FIRST_NAME, DEPARTMENTAL_COORDINATOR_LAST_NAME, DEPARTMENTAL_COORDINATOR_PHONE, FIELD_OF_STUDY, DEPARTMENT, STUDENT_MATRICULATION_NUMBER, SEMESTER, DEGREE_OF_STUDY, STUDENT_CURRENT_ADDRESS, STUDENT_DATE_OF_BIRTH, STUDENT_EMAIL, STUDENT_FIRST_NAME, STUDENT_LAST_NAME, STUDENT_NATIONALITY, STUDENT_PERIOD_OF_STUDY_FROM, STUDENT_PERIOD_OF_STUDY_UNTIL, STUDENT_PHONE, STUDENT_PLACE_OF_BIRTH, STUDENT_SEX, STUDY_CYCLE) VALUES (7, '2019-2020', 'ssamolej@kia.prz.edu.pl', '+35722713237', 'dr inż.', 'Sławomir', 'Samolej', '177432055', 'Chemistry', 'Applied Science', '162474', 'W', 'BACHELOR', 'Spessartstrasse 18 flat. 13', '09-09-1996', 'timoglock@gmail.com', 'Timo', 'Glock', 'Niemcy', '01-10-2019', '01-03-2020', '8568854345', 'Hamburg', 'MALE', 'FULLTIME');
INSERT INTO STUDENTS (ID, ACADEMIC_YEAR, DEPARTMENTAL_COORDINATOR_EMAIL, DEPARTMENTAL_COORDINATOR_FAX, DEPARTMENTAL_COORDINATOR_ACADEMIC_TITLE, DEPARTMENTAL_COORDINATOR_FIRST_NAME, DEPARTMENTAL_COORDINATOR_LAST_NAME, DEPARTMENTAL_COORDINATOR_PHONE, FIELD_OF_STUDY, DEPARTMENT, STUDENT_MATRICULATION_NUMBER, SEMESTER, DEGREE_OF_STUDY, STUDENT_CURRENT_ADDRESS, STUDENT_DATE_OF_BIRTH, STUDENT_EMAIL, STUDENT_FIRST_NAME, STUDENT_LAST_NAME, STUDENT_NATIONALITY, STUDENT_PERIOD_OF_STUDY_FROM, STUDENT_PERIOD_OF_STUDY_UNTIL, STUDENT_PHONE, STUDENT_PLACE_OF_BIRTH, STUDENT_SEX, STUDY_CYCLE) VALUES (8, '2019-2020', 'ssamolej@kia.prz.edu.pl', '+35722713238', 'dr inż.', 'Sławomir', 'Samolej', '177432055', 'Automation', 'Applied Science', '162475', 'W', 'BACHELOR', 'Tondernstrasse 11 flat. 15', '11-05-1997', 'jannikschumacher@gmail.com', 'Jannik', 'Schumacher', 'Niemcy', '01-10-2019', '01-03-2020', '23131253256', 'Dortmund', 'MALE', 'FULLTIME');
INSERT INTO STUDENTS (ID, ACADEMIC_YEAR, DEPARTMENTAL_COORDINATOR_EMAIL, DEPARTMENTAL_COORDINATOR_FAX, DEPARTMENTAL_COORDINATOR_ACADEMIC_TITLE, DEPARTMENTAL_COORDINATOR_FIRST_NAME, DEPARTMENTAL_COORDINATOR_LAST_NAME, DEPARTMENTAL_COORDINATOR_PHONE, FIELD_OF_STUDY, DEPARTMENT, STUDENT_MATRICULATION_NUMBER, SEMESTER, DEGREE_OF_STUDY, STUDENT_CURRENT_ADDRESS, STUDENT_DATE_OF_BIRTH, STUDENT_EMAIL, STUDENT_FIRST_NAME, STUDENT_LAST_NAME, STUDENT_NATIONALITY, STUDENT_PERIOD_OF_STUDY_FROM, STUDENT_PERIOD_OF_STUDY_UNTIL, STUDENT_PHONE, STUDENT_PLACE_OF_BIRTH, STUDENT_SEX, STUDY_CYCLE) VALUES (9, '2019-2020', 'ssamolej@kia.prz.edu.pl', '+35722713238', 'dr inż.', 'Sławomir', 'Samolej', '177432055', 'Programming', 'Applied Science', '162476', 'W', 'BACHELOR', 'Rubenstrasse flat. 99', '07-01-1996', 'marvinpodolski@gmail.com', 'Marvin', 'Podolski', 'Niemcy', '01-10-2019', '01-03-2020', '6583422432', 'Monachium', 'MALE', 'FULLTIME');
SELECT setval('STUDENT_SEQUENCE', MAX(id)) FROM STUDENTS;
COMMIT;

BEGIN;
INSERT INTO STUDENT_COURSES (ID, STUDENT_ID, COURSE_ID) VALUES (1, 1, 1);
INSERT INTO STUDENT_COURSES (ID, STUDENT_ID, COURSE_ID) VALUES (2, 1, 3);
INSERT INTO STUDENT_COURSES (ID, STUDENT_ID, COURSE_ID) VALUES (3, 1, 4);
INSERT INTO STUDENT_COURSES (ID, STUDENT_ID, COURSE_ID) VALUES (4, 1, 5);
INSERT INTO STUDENT_COURSES (ID, STUDENT_ID, COURSE_ID) VALUES (5, 1, 7);
INSERT INTO STUDENT_COURSES (ID, STUDENT_ID, COURSE_ID) VALUES (6, 1, 9);
INSERT INTO STUDENT_COURSES (ID, STUDENT_ID, COURSE_ID) VALUES (7, 2, 1);
INSERT INTO STUDENT_COURSES (ID, STUDENT_ID, COURSE_ID) VALUES (8, 2, 3);
INSERT INTO STUDENT_COURSES (ID, STUDENT_ID, COURSE_ID) VALUES (9, 2, 4);
INSERT INTO STUDENT_COURSES (ID, STUDENT_ID, COURSE_ID) VALUES (10, 2, 5);
INSERT INTO STUDENT_COURSES (ID, STUDENT_ID, COURSE_ID) VALUES (11, 2, 7);
INSERT INTO STUDENT_COURSES (ID, STUDENT_ID, COURSE_ID) VALUES (12, 2, 9);
INSERT INTO STUDENT_COURSES (ID, STUDENT_ID, COURSE_ID) VALUES (13, 3, 1);
INSERT INTO STUDENT_COURSES (ID, STUDENT_ID, COURSE_ID) VALUES (14, 3, 2);
INSERT INTO STUDENT_COURSES (ID, STUDENT_ID, COURSE_ID) VALUES (15, 3, 3);
INSERT INTO STUDENT_COURSES (ID, STUDENT_ID, COURSE_ID) VALUES (16, 3, 4);
INSERT INTO STUDENT_COURSES (ID, STUDENT_ID, COURSE_ID) VALUES (17, 3, 5);
INSERT INTO STUDENT_COURSES (ID, STUDENT_ID, COURSE_ID) VALUES (18, 3, 6);
INSERT INTO STUDENT_COURSES (ID, STUDENT_ID, COURSE_ID) VALUES (19, 4, 1);
INSERT INTO STUDENT_COURSES (ID, STUDENT_ID, COURSE_ID) VALUES (20, 5, 1);
INSERT INTO STUDENT_COURSES (ID, STUDENT_ID, COURSE_ID) VALUES (21, 6, 1);
INSERT INTO STUDENT_COURSES (ID, STUDENT_ID, COURSE_ID) VALUES (22, 7, 1);
INSERT INTO STUDENT_COURSES (ID, STUDENT_ID, COURSE_ID) VALUES (23, 8, 1);
INSERT INTO STUDENT_COURSES (ID, STUDENT_ID, COURSE_ID) VALUES (24, 9, 1);
INSERT INTO STUDENT_COURSES (ID, STUDENT_ID, COURSE_ID) VALUES (25, 1, 10);
INSERT INTO STUDENT_COURSES (ID, STUDENT_ID, COURSE_ID) VALUES (26, 2, 10);
INSERT INTO STUDENT_COURSES (ID, STUDENT_ID, COURSE_ID) VALUES (27, 3, 10);
INSERT INTO STUDENT_COURSES (ID, STUDENT_ID, COURSE_ID) VALUES (28, 4, 10);
INSERT INTO STUDENT_COURSES (ID, STUDENT_ID, COURSE_ID) VALUES (29, 5, 10);
INSERT INTO STUDENT_COURSES (ID, STUDENT_ID, COURSE_ID) VALUES (30, 6, 10);
INSERT INTO STUDENT_COURSES (ID, STUDENT_ID, COURSE_ID) VALUES (31, 7, 10);
INSERT INTO STUDENT_COURSES (ID, STUDENT_ID, COURSE_ID) VALUES (32, 8, 10);
INSERT INTO STUDENT_COURSES (ID, STUDENT_ID, COURSE_ID) VALUES (33, 9, 10);
INSERT INTO STUDENT_COURSES (ID, STUDENT_ID, COURSE_ID) VALUES (34, 1, 30);
INSERT INTO STUDENT_COURSES (ID, STUDENT_ID, COURSE_ID) VALUES (35, 2, 30);
INSERT INTO STUDENT_COURSES (ID, STUDENT_ID, COURSE_ID) VALUES (36, 3, 30);
INSERT INTO STUDENT_COURSES (ID, STUDENT_ID, COURSE_ID) VALUES (37, 4, 30);
INSERT INTO STUDENT_COURSES (ID, STUDENT_ID, COURSE_ID) VALUES (38, 5, 30);
INSERT INTO STUDENT_COURSES (ID, STUDENT_ID, COURSE_ID) VALUES (39, 6, 30);
INSERT INTO STUDENT_COURSES (ID, STUDENT_ID, COURSE_ID) VALUES (40, 7, 30);
INSERT INTO STUDENT_COURSES (ID, STUDENT_ID, COURSE_ID) VALUES (41, 8, 30);
INSERT INTO STUDENT_COURSES (ID, STUDENT_ID, COURSE_ID) VALUES (42, 9, 30);
SELECT setval('STUDENT_COURSE_SEQUENCE', MAX(id)) FROM STUDENT_COURSES;
COMMIT;

BEGIN;
INSERT INTO COURSE_COORDINATORS (ID, COURSE_COORDINATOR_EMAIL, COURSE_COORDINATOR_ACADEMIC_TITLE, COURSE_COORDINATOR_FIRST_NAME, COURSE_COORDINATOR_LAST_NAME, COURSE_COORDINATOR_PHONE, COURSE_COORDINATOR_FAX) VALUES (1, 'ssamolej@prz.edu.pl', 'dr inż.', 'Sławomir', 'Samolej', '177432055', '178542910');
INSERT INTO COURSE_COORDINATORS (ID, COURSE_COORDINATOR_EMAIL, COURSE_COORDINATOR_ACADEMIC_TITLE, COURSE_COORDINATOR_FIRST_NAME, COURSE_COORDINATOR_LAST_NAME, COURSE_COORDINATOR_PHONE, COURSE_COORDINATOR_FAX) VALUES (2, 'jacklu@prz.edu.pl', 'prof. dr hab. inż.', 'Jacek', 'Kluska', '178651686', '178542910');
INSERT INTO COURSE_COORDINATORS (ID, COURSE_COORDINATOR_EMAIL, COURSE_COORDINATOR_ACADEMIC_TITLE, COURSE_COORDINATOR_FIRST_NAME, COURSE_COORDINATOR_LAST_NAME, COURSE_COORDINATOR_PHONE, COURSE_COORDINATOR_FAX) VALUES (3, 'ltrybus@prz.edu.pl', 'prof. dr hab. inż.', 'Leszek', 'Trybus', '178651552', '178542910');
INSERT INTO COURSE_COORDINATORS (ID, COURSE_COORDINATOR_EMAIL, COURSE_COORDINATOR_ACADEMIC_TITLE, COURSE_COORDINATOR_FIRST_NAME, COURSE_COORDINATOR_LAST_NAME, COURSE_COORDINATOR_PHONE, COURSE_COORDINATOR_FAX) VALUES (4, 'lgniewek@prz.edu.pl', 'dr hab. inż.', 'Lesław', 'Gniewek', '178651536', '178651613');
INSERT INTO COURSE_COORDINATORS (ID, COURSE_COORDINATOR_EMAIL, COURSE_COORDINATOR_ACADEMIC_TITLE, COURSE_COORDINATOR_FIRST_NAME, COURSE_COORDINATOR_LAST_NAME, COURSE_COORDINATOR_PHONE, COURSE_COORDINATOR_FAX) VALUES (5, 'zh@prz.edu.pl', 'dr hab. inż.', 'Zbigniew', 'Hajduk', '178651486', '178542910');
INSERT INTO COURSE_COORDINATORS (ID, COURSE_COORDINATOR_EMAIL, COURSE_COORDINATOR_ACADEMIC_TITLE, COURSE_COORDINATOR_FIRST_NAME, COURSE_COORDINATOR_LAST_NAME, COURSE_COORDINATOR_PHONE, COURSE_COORDINATOR_FAX) VALUES (6, 'tomekkap@kia.prz.edu.pl', 'dr inż.', 'Tomasz', 'Kapuściński', '178651614', '178542910');
INSERT INTO COURSE_COORDINATORS (ID, COURSE_COORDINATOR_EMAIL, COURSE_COORDINATOR_ACADEMIC_TITLE, COURSE_COORDINATOR_FIRST_NAME, COURSE_COORDINATOR_LAST_NAME, COURSE_COORDINATOR_PHONE, COURSE_COORDINATOR_FAX) VALUES (7, 'tkrzeszo@prz.edu.pl', 'dr inż.', 'Tomasz', 'Krzeszowski', '178651136', '178542910');
INSERT INTO COURSE_COORDINATORS (ID, COURSE_COORDINATOR_EMAIL, COURSE_COORDINATOR_ACADEMIC_TITLE, COURSE_COORDINATOR_FIRST_NAME, COURSE_COORDINATOR_LAST_NAME, COURSE_COORDINATOR_PHONE, COURSE_COORDINATOR_FAX) VALUES (8, 'lery@prz-rzeszow.pl', 'dr hab. inż.', 'Ryszard', 'Leniowski', '178651769', '178542910');
INSERT INTO COURSE_COORDINATORS (ID, COURSE_COORDINATOR_EMAIL, COURSE_COORDINATOR_ACADEMIC_TITLE, COURSE_COORDINATOR_FIRST_NAME, COURSE_COORDINATOR_LAST_NAME, COURSE_COORDINATOR_PHONE, COURSE_COORDINATOR_FAX) VALUES (9, 'marosz@prz.edu.pl', 'dr hab. inż.', 'Mariusz', 'Oszust', '178651614', '178542910');
INSERT INTO COURSE_COORDINATORS (ID, COURSE_COORDINATOR_EMAIL, COURSE_COORDINATOR_ACADEMIC_TITLE, COURSE_COORDINATOR_FIRST_NAME, COURSE_COORDINATOR_LAST_NAME, COURSE_COORDINATOR_PHONE, COURSE_COORDINATOR_FAX) VALUES (10, 'swiderzb@prz.edu.pl', 'dr hab. inż.', 'Zbigniew', 'Świder', '178651549', '178542910');
INSERT INTO COURSE_COORDINATORS (ID, COURSE_COORDINATOR_EMAIL, COURSE_COORDINATOR_ACADEMIC_TITLE, COURSE_COORDINATOR_FIRST_NAME, COURSE_COORDINATOR_LAST_NAME, COURSE_COORDINATOR_PHONE, COURSE_COORDINATOR_FAX) VALUES (11, 'kwiktor@prz.edu.pl', 'dr inż.', 'Krzysztof', 'Wiktorowicz', '178651536', '178542910');
INSERT INTO COURSE_COORDINATORS (ID, COURSE_COORDINATOR_EMAIL, COURSE_COORDINATOR_ACADEMIC_TITLE, COURSE_COORDINATOR_FIRST_NAME, COURSE_COORDINATOR_LAST_NAME, COURSE_COORDINATOR_PHONE, COURSE_COORDINATOR_FAX) VALUES (12, 'mwysocki@prz.edu.pl', 'dr hab. inż.', 'Marian', 'Wysocki', '178651583', '178542910');
INSERT INTO COURSE_COORDINATORS (ID, COURSE_COORDINATOR_EMAIL, COURSE_COORDINATOR_ACADEMIC_TITLE, COURSE_COORDINATOR_FIRST_NAME, COURSE_COORDINATOR_LAST_NAME, COURSE_COORDINATOR_PHONE, COURSE_COORDINATOR_FAX) VALUES (13, 'rzajdel@prz.edu.pl', 'dr hab. inż.', 'Roman', 'Zajdel', '178651489', '178542910');
INSERT INTO COURSE_COORDINATORS (ID, COURSE_COORDINATOR_EMAIL, COURSE_COORDINATOR_ACADEMIC_TITLE, COURSE_COORDINATOR_FIRST_NAME, COURSE_COORDINATOR_LAST_NAME, COURSE_COORDINATOR_PHONE, COURSE_COORDINATOR_FAX) VALUES (14, 'bednarek@prz.edu.pl', 'dr inż.', 'Marcin', 'Bednarek', '178651543', '178542910');
INSERT INTO COURSE_COORDINATORS (ID, COURSE_COORDINATOR_EMAIL, COURSE_COORDINATOR_ACADEMIC_TITLE, COURSE_COORDINATOR_FIRST_NAME, COURSE_COORDINATOR_LAST_NAME, COURSE_COORDINATOR_PHONE, COURSE_COORDINATOR_FAX) VALUES (15, 'abozek@prz.edu.pl', 'dr inż.', 'Andrzej', 'Bożek', '177432308', '178542910');
INSERT INTO COURSE_COORDINATORS (ID, COURSE_COORDINATOR_EMAIL, COURSE_COORDINATOR_ACADEMIC_TITLE, COURSE_COORDINATOR_FIRST_NAME, COURSE_COORDINATOR_LAST_NAME, COURSE_COORDINATOR_PHONE, COURSE_COORDINATOR_FAX) VALUES (16, 'gdec@prz.edu.pl', 'dr inż.', 'Grzegorz', 'Dec', '178651486', '178542910');
INSERT INTO COURSE_COORDINATORS (ID, COURSE_COORDINATOR_EMAIL, COURSE_COORDINATOR_ACADEMIC_TITLE, COURSE_COORDINATOR_FIRST_NAME, COURSE_COORDINATOR_LAST_NAME, COURSE_COORDINATOR_PHONE, COURSE_COORDINATOR_FAX) VALUES (17, 'm.hubacz@prz.edu.pl', 'mgr inż.', 'Marcin', 'Hubacz', '178651685', '178542910');
INSERT INTO COURSE_COORDINATORS (ID, COURSE_COORDINATOR_EMAIL, COURSE_COORDINATOR_ACADEMIC_TITLE, COURSE_COORDINATOR_FIRST_NAME, COURSE_COORDINATOR_LAST_NAME, COURSE_COORDINATOR_PHONE, COURSE_COORDINATOR_FAX) VALUES (18, 'bartoszj@prz.edu.pl', 'dr inż.', 'Bartosz', 'Jędrzejec', '178651548', '178542910');
INSERT INTO COURSE_COORDINATORS (ID, COURSE_COORDINATOR_EMAIL, COURSE_COORDINATOR_ACADEMIC_TITLE, COURSE_COORDINATOR_FIRST_NAME, COURSE_COORDINATOR_LAST_NAME, COURSE_COORDINATOR_PHONE, COURSE_COORDINATOR_FAX) VALUES (19, 'ewaj@prz.edu.pl', 'mgr inż.', 'Ewa', 'Jędrzejec', '178651789', '178542910');
INSERT INTO COURSE_COORDINATORS (ID, COURSE_COORDINATOR_EMAIL, COURSE_COORDINATOR_ACADEMIC_TITLE, COURSE_COORDINATOR_FIRST_NAME, COURSE_COORDINATOR_LAST_NAME, COURSE_COORDINATOR_PHONE, COURSE_COORDINATOR_FAX) VALUES (20, 'k.kamycki@prz.edu.pl', 'mgr inż.', 'Krzysztof', 'Kamycki', '178651768', '178542910');
INSERT INTO COURSE_COORDINATORS (ID, COURSE_COORDINATOR_EMAIL, COURSE_COORDINATOR_ACADEMIC_TITLE, COURSE_COORDINATOR_FIRST_NAME, COURSE_COORDINATOR_LAST_NAME, COURSE_COORDINATOR_PHONE, COURSE_COORDINATOR_FAX) VALUES (21, 'klal@prz.edu.pl', 'dr inż.', 'Kazimierz', 'Lal', '178651767', '178542910');
INSERT INTO COURSE_COORDINATORS (ID, COURSE_COORDINATOR_EMAIL, COURSE_COORDINATOR_ACADEMIC_TITLE, COURSE_COORDINATOR_FIRST_NAME, COURSE_COORDINATOR_LAST_NAME, COURSE_COORDINATOR_PHONE, COURSE_COORDINATOR_FAX) VALUES (22, 'mmarkiewicz@prz.edu.pl', 'mgr inż.', 'Michał', 'Markiewicz', '178651536', '178542910');
INSERT INTO COURSE_COORDINATORS (ID, COURSE_COORDINATOR_EMAIL, COURSE_COORDINATOR_ACADEMIC_TITLE, COURSE_COORDINATOR_FIRST_NAME, COURSE_COORDINATOR_LAST_NAME, COURSE_COORDINATOR_PHONE, COURSE_COORDINATOR_FAX) VALUES (23, 'aska@prz.edu.pl', 'dr inż.', 'Joanna', 'Marnik', '178651557', '178651614');
INSERT INTO COURSE_COORDINATORS (ID, COURSE_COORDINATOR_EMAIL, COURSE_COORDINATOR_ACADEMIC_TITLE, COURSE_COORDINATOR_FIRST_NAME, COURSE_COORDINATOR_LAST_NAME, COURSE_COORDINATOR_PHONE, COURSE_COORDINATOR_FAX) VALUES (24, 'd.ozog@prz.edu.pl', 'mgr inż.', 'Dominik', 'Ożóg', '177432053', '178542910');
INSERT INTO COURSE_COORDINATORS (ID, COURSE_COORDINATOR_EMAIL, COURSE_COORDINATOR_ACADEMIC_TITLE, COURSE_COORDINATOR_FIRST_NAME, COURSE_COORDINATOR_LAST_NAME, COURSE_COORDINATOR_PHONE, COURSE_COORDINATOR_FAX) VALUES (25, 'm.penar@prz.edu.pl', 'mgr inż.', 'Maciej', 'Penar', '177432053', '178542910');
INSERT INTO COURSE_COORDINATORS (ID, COURSE_COORDINATOR_EMAIL, COURSE_COORDINATOR_ACADEMIC_TITLE, COURSE_COORDINATOR_FIRST_NAME, COURSE_COORDINATOR_LAST_NAME, COURSE_COORDINATOR_PHONE, COURSE_COORDINATOR_FAX) VALUES (26, 'gpiecuch@prz.edu.pl', 'mgr inż.', 'Grzegorz', 'Piecuch', '178651548', '178542910');
INSERT INTO COURSE_COORDINATORS (ID, COURSE_COORDINATOR_EMAIL, COURSE_COORDINATOR_ACADEMIC_TITLE, COURSE_COORDINATOR_FIRST_NAME, COURSE_COORDINATOR_LAST_NAME, COURSE_COORDINATOR_PHONE, COURSE_COORDINATOR_FAX) VALUES (27, 'trak@prz.edu.pl', 'dr inż.', 'Tomasz', 'Rak', '178651767', '178542910');
INSERT INTO COURSE_COORDINATORS (ID, COURSE_COORDINATOR_EMAIL, COURSE_COORDINATOR_ACADEMIC_TITLE, COURSE_COORDINATOR_FIRST_NAME, COURSE_COORDINATOR_LAST_NAME, COURSE_COORDINATOR_PHONE, COURSE_COORDINATOR_FAX) VALUES (28, 'brymut@prz.edu.pl', 'dr inż.', 'Bogusław', 'Rymut', '178651136', '178542910');
INSERT INTO COURSE_COORDINATORS (ID, COURSE_COORDINATOR_EMAIL, COURSE_COORDINATOR_ACADEMIC_TITLE, COURSE_COORDINATOR_FIRST_NAME, COURSE_COORDINATOR_LAST_NAME, COURSE_COORDINATOR_PHONE, COURSE_COORDINATOR_FAX) VALUES (29, 'drzonca@prz.edu.pl', 'dr inż.', 'Dariusz', 'Rzońca', '178651768', '178542910');
INSERT INTO COURSE_COORDINATORS (ID, COURSE_COORDINATOR_EMAIL, COURSE_COORDINATOR_ACADEMIC_TITLE, COURSE_COORDINATOR_FIRST_NAME, COURSE_COORDINATOR_LAST_NAME, COURSE_COORDINATOR_PHONE, COURSE_COORDINATOR_FAX) VALUES (30, 'jsad@prz.edu.pl', 'dr inż.', 'Jan', 'Sadolewski', '178651796', '178542910');
INSERT INTO COURSE_COORDINATORS (ID, COURSE_COORDINATOR_EMAIL, COURSE_COORDINATOR_ACADEMIC_TITLE, COURSE_COORDINATOR_FIRST_NAME, COURSE_COORDINATOR_LAST_NAME, COURSE_COORDINATOR_PHONE, COURSE_COORDINATOR_FAX) VALUES (31, 'p.stawarz@prz.edu.pl', 'mgr inż.', 'Paweł', 'Stawarz', '178651592', '178542910');
INSERT INTO COURSE_COORDINATORS (ID, COURSE_COORDINATOR_EMAIL, COURSE_COORDINATOR_ACADEMIC_TITLE, COURSE_COORDINATOR_FIRST_NAME, COURSE_COORDINATOR_LAST_NAME, COURSE_COORDINATOR_PHONE, COURSE_COORDINATOR_FAX) VALUES (32, 'astec@prz.edu.pl', 'dr inż.', 'Andrzej', 'Stec', '178651793', '178542910');
INSERT INTO COURSE_COORDINATORS (ID, COURSE_COORDINATOR_EMAIL, COURSE_COORDINATOR_ACADEMIC_TITLE, COURSE_COORDINATOR_FIRST_NAME, COURSE_COORDINATOR_LAST_NAME, COURSE_COORDINATOR_PHONE, COURSE_COORDINATOR_FAX) VALUES (33, 'sniezekm@prz.edu.pl', 'dr inż.', 'Marek', 'Śnieżek', '178651539', '178542910');
INSERT INTO COURSE_COORDINATORS (ID, COURSE_COORDINATOR_EMAIL, COURSE_COORDINATOR_ACADEMIC_TITLE, COURSE_COORDINATOR_FIRST_NAME, COURSE_COORDINATOR_LAST_NAME, COURSE_COORDINATOR_PHONE, COURSE_COORDINATOR_FAX) VALUES (34, 'kswider@prz.edu.pl', 'dr inż.', 'Krzysztof', 'Świder', '177432015', '178542910');
INSERT INTO COURSE_COORDINATORS (ID, COURSE_COORDINATOR_EMAIL, COURSE_COORDINATOR_ACADEMIC_TITLE, COURSE_COORDINATOR_FIRST_NAME, COURSE_COORDINATOR_LAST_NAME, COURSE_COORDINATOR_PHONE, COURSE_COORDINATOR_FAX) VALUES (35, 'k.tomecki@prz.edu.pl', 'mgr inż.', 'Krzysztof', 'Tomecki', '177432015', '178542910');
INSERT INTO COURSE_COORDINATORS (ID, COURSE_COORDINATOR_EMAIL, COURSE_COORDINATOR_ACADEMIC_TITLE, COURSE_COORDINATOR_FIRST_NAME, COURSE_COORDINATOR_LAST_NAME, COURSE_COORDINATOR_PHONE, COURSE_COORDINATOR_FAX) VALUES (36, 'btrybus@prz.edu.pl', 'dr inż.', 'Bartosz', 'Trybus', '178651685', '178542910');
INSERT INTO COURSE_COORDINATORS (ID, COURSE_COORDINATOR_EMAIL, COURSE_COORDINATOR_ACADEMIC_TITLE, COURSE_COORDINATOR_FIRST_NAME, COURSE_COORDINATOR_LAST_NAME, COURSE_COORDINATOR_PHONE, COURSE_COORDINATOR_FAX) VALUES (37, 'dawwar@prz.edu.pl', 'dr inż.', 'Dawid', 'Warchoł', '178651614', '178651592');
INSERT INTO COURSE_COORDINATORS (ID, COURSE_COORDINATOR_EMAIL, COURSE_COORDINATOR_ACADEMIC_TITLE, COURSE_COORDINATOR_FIRST_NAME, COURSE_COORDINATOR_LAST_NAME, COURSE_COORDINATOR_PHONE, COURSE_COORDINATOR_FAX) VALUES (38, 'p.wozniak@prz.edu.pl', 'mgr inż.', 'Piotr', 'Woźniak', '177432053', '178542910');
INSERT INTO COURSE_COORDINATORS (ID, COURSE_COORDINATOR_EMAIL, COURSE_COORDINATOR_ACADEMIC_TITLE, COURSE_COORDINATOR_FIRST_NAME, COURSE_COORDINATOR_LAST_NAME, COURSE_COORDINATOR_PHONE, COURSE_COORDINATOR_FAX) VALUES (39, 'aszczep@prz.edu.pl', 'dr inż.', 'Antoni', 'Szczepański', '178651298', '178542910');
SELECT setval('COURSE_COORDINATOR_SEQUENCE', MAX(id)) FROM COURSE_COORDINATORS;
COMMIT;

BEGIN;
INSERT INTO RECEIVING_INSTITUTIONS (ID, RECEIVING_INSTITUTION_EMAIL, RECEIVING_INSTITUTION_NAME, RECEIVING_INSTITUTION_PATRON, RECEIVING_INSTITUTION_WHERE, RECEIVING_INSTITUTION_ADDRESS, RECEIVING_INSTITUTION_POST_CODE, RECEIVING_INSTITUTION_COUNTRY, RECEIVING_INSTITUTION_FAX, RECEIVING_INSTITUTION_PHONE) VALUES (1, 'kancelaria@prz.edu.pl', 'Politechnika Rzeszowska', 'im. Ignacego Łukasiewicza', 'w Rzeszowie', 'Aleja Powstańców Warszawy 12', '35-959 Rzeszów', 'Poland', '+48178651100', '+48178541260' );
SELECT setval('RECEIVING_INSTITUTION_SEQUENCE', MAX(id)) FROM RECEIVING_INSTITUTIONS;
COMMIT;

BEGIN;
INSERT INTO SENDING_INSTITUTIONS (ID, SENDING_INSTITUTION_EMAIL, SENDING_INSTITUTION_NAME, SENDING_INSTITUTION_ADDRESS, SENDING_INSTITUTION_POST_CODE, SENDING_INSTITUTION_COUNTRY, SENDING_INSTITUTION_PHONE, SENDING_INSTITUTION_FAX) VALUES (1, 'netadmin@fh-swf.de', 'Fachhochschule Sudwestfalen', 'Haldener Str. 182', '58095 Hagen', 'Germany', '+490233193300', '+4902331/9330-777');
INSERT INTO SENDING_INSTITUTIONS (ID, SENDING_INSTITUTION_EMAIL, SENDING_INSTITUTION_NAME, SENDING_INSTITUTION_ADDRESS, SENDING_INSTITUTION_POST_CODE, SENDING_INSTITUTION_COUNTRY, SENDING_INSTITUTION_PHONE, SENDING_INSTITUTION_FAX) VALUES (2, 'tine.ternest@vives.be', 'VIVES University College Kortrijk', 'Xaverianenstraat 10', '8200 Bruges', 'Belgium', '+3250305233', '+3250305101');
SELECT setval('SENDING_INSTITUTION_SEQUENCE', MAX(id)) FROM SENDING_INSTITUTIONS;
COMMIT;

BEGIN;
INSERT INTO STUDENT_SENDING_INSTITUTIONS (ID, STUDENT_ID, SENDING_INSTITUTION_ID) VALUES (1, 1, 1);
INSERT INTO STUDENT_SENDING_INSTITUTIONS (ID, STUDENT_ID, SENDING_INSTITUTION_ID) VALUES (2, 2, 1);
INSERT INTO STUDENT_SENDING_INSTITUTIONS (ID, STUDENT_ID, SENDING_INSTITUTION_ID) VALUES (3, 3, 1);
INSERT INTO STUDENT_SENDING_INSTITUTIONS (ID, STUDENT_ID, SENDING_INSTITUTION_ID) VALUES (4, 4, 1);
INSERT INTO STUDENT_SENDING_INSTITUTIONS (ID, STUDENT_ID, SENDING_INSTITUTION_ID) VALUES (5, 5, 1);
INSERT INTO STUDENT_SENDING_INSTITUTIONS (ID, STUDENT_ID, SENDING_INSTITUTION_ID) VALUES (6, 6, 1);
INSERT INTO STUDENT_SENDING_INSTITUTIONS (ID, STUDENT_ID, SENDING_INSTITUTION_ID) VALUES (7, 7, 1);
INSERT INTO STUDENT_SENDING_INSTITUTIONS (ID, STUDENT_ID, SENDING_INSTITUTION_ID) VALUES (8, 8, 1);
INSERT INTO STUDENT_SENDING_INSTITUTIONS (ID, STUDENT_ID, SENDING_INSTITUTION_ID) VALUES (9, 9, 1);
SELECT setval('STUDENT_SENDING_INSTITUTION_SEQUENCE', MAX(id)) FROM STUDENT_SENDING_INSTITUTIONS;
COMMIT;

BEGIN;
INSERT INTO COURSE_OWNED_COORDINATORS (ID, COURSE_ID, COURSE_COORDINATOR_ID) VALUES (1, 1, 1);
INSERT INTO COURSE_OWNED_COORDINATORS (ID, COURSE_ID, COURSE_COORDINATOR_ID) VALUES (1, 2, 2);
INSERT INTO COURSE_OWNED_COORDINATORS (ID, COURSE_ID, COURSE_COORDINATOR_ID) VALUES (1, 3, 3);
INSERT INTO COURSE_OWNED_COORDINATORS (ID, COURSE_ID, COURSE_COORDINATOR_ID) VALUES (1, 4, 4);
INSERT INTO COURSE_OWNED_COORDINATORS (ID, COURSE_ID, COURSE_COORDINATOR_ID) VALUES (1, 5, 5);
INSERT INTO COURSE_OWNED_COORDINATORS (ID, COURSE_ID, COURSE_COORDINATOR_ID) VALUES (1, 6, 1);
INSERT INTO COURSE_OWNED_COORDINATORS (ID, COURSE_ID, COURSE_COORDINATOR_ID) VALUES (1, 7, 2);
INSERT INTO COURSE_OWNED_COORDINATORS (ID, COURSE_ID, COURSE_COORDINATOR_ID) VALUES (1, 8, 3);
INSERT INTO COURSE_OWNED_COORDINATORS (ID, COURSE_ID, COURSE_COORDINATOR_ID) VALUES (1, 9, 4);
INSERT INTO COURSE_OWNED_COORDINATORS (ID, COURSE_ID, COURSE_COORDINATOR_ID) VALUES (1, 10, 5);
INSERT INTO COURSE_OWNED_COORDINATORS (ID, COURSE_ID, COURSE_COORDINATOR_ID) VALUES (1, 11, 6);
INSERT INTO COURSE_OWNED_COORDINATORS (ID, COURSE_ID, COURSE_COORDINATOR_ID) VALUES (1, 12, 7);
INSERT INTO COURSE_OWNED_COORDINATORS (ID, COURSE_ID, COURSE_COORDINATOR_ID) VALUES (1, 13, 8);
INSERT INTO COURSE_OWNED_COORDINATORS (ID, COURSE_ID, COURSE_COORDINATOR_ID) VALUES (1, 14, 9);
INSERT INTO COURSE_OWNED_COORDINATORS (ID, COURSE_ID, COURSE_COORDINATOR_ID) VALUES (1, 15, 10);
INSERT INTO COURSE_OWNED_COORDINATORS (ID, COURSE_ID, COURSE_COORDINATOR_ID) VALUES (1, 16, 6);
INSERT INTO COURSE_OWNED_COORDINATORS (ID, COURSE_ID, COURSE_COORDINATOR_ID) VALUES (1, 17, 7);
INSERT INTO COURSE_OWNED_COORDINATORS (ID, COURSE_ID, COURSE_COORDINATOR_ID) VALUES (1, 18, 8);
INSERT INTO COURSE_OWNED_COORDINATORS (ID, COURSE_ID, COURSE_COORDINATOR_ID) VALUES (1, 19, 9);
INSERT INTO COURSE_OWNED_COORDINATORS (ID, COURSE_ID, COURSE_COORDINATOR_ID) VALUES (1, 20, 10);
INSERT INTO COURSE_OWNED_COORDINATORS (ID, COURSE_ID, COURSE_COORDINATOR_ID) VALUES (1, 21, 1);
INSERT INTO COURSE_OWNED_COORDINATORS (ID, COURSE_ID, COURSE_COORDINATOR_ID) VALUES (1, 22, 2);
INSERT INTO COURSE_OWNED_COORDINATORS (ID, COURSE_ID, COURSE_COORDINATOR_ID) VALUES (1, 23, 3);
INSERT INTO COURSE_OWNED_COORDINATORS (ID, COURSE_ID, COURSE_COORDINATOR_ID) VALUES (1, 24, 4);
INSERT INTO COURSE_OWNED_COORDINATORS (ID, COURSE_ID, COURSE_COORDINATOR_ID) VALUES (1, 25, 5);
INSERT INTO COURSE_OWNED_COORDINATORS (ID, COURSE_ID, COURSE_COORDINATOR_ID) VALUES (1, 26, 11);
INSERT INTO COURSE_OWNED_COORDINATORS (ID, COURSE_ID, COURSE_COORDINATOR_ID) VALUES (1, 27, 12);
INSERT INTO COURSE_OWNED_COORDINATORS (ID, COURSE_ID, COURSE_COORDINATOR_ID) VALUES (1, 28, 13);
INSERT INTO COURSE_OWNED_COORDINATORS (ID, COURSE_ID, COURSE_COORDINATOR_ID) VALUES (1, 29, 14);
INSERT INTO COURSE_OWNED_COORDINATORS (ID, COURSE_ID, COURSE_COORDINATOR_ID) VALUES (1, 30, 15);
INSERT INTO COURSE_OWNED_COORDINATORS (ID, COURSE_ID, COURSE_COORDINATOR_ID) VALUES (1, 31, 21);
INSERT INTO COURSE_OWNED_COORDINATORS (ID, COURSE_ID, COURSE_COORDINATOR_ID) VALUES (1, 32, 22);
INSERT INTO COURSE_OWNED_COORDINATORS (ID, COURSE_ID, COURSE_COORDINATOR_ID) VALUES (1, 33, 23);
INSERT INTO COURSE_OWNED_COORDINATORS (ID, COURSE_ID, COURSE_COORDINATOR_ID) VALUES (1, 34, 24);
INSERT INTO COURSE_OWNED_COORDINATORS (ID, COURSE_ID, COURSE_COORDINATOR_ID) VALUES (1, 35, 25);
INSERT INTO COURSE_OWNED_COORDINATORS (ID, COURSE_ID, COURSE_COORDINATOR_ID) VALUES (1, 36, 11);
INSERT INTO COURSE_OWNED_COORDINATORS (ID, COURSE_ID, COURSE_COORDINATOR_ID) VALUES (1, 37, 12);
INSERT INTO COURSE_OWNED_COORDINATORS (ID, COURSE_ID, COURSE_COORDINATOR_ID) VALUES (1, 38, 13);
INSERT INTO COURSE_OWNED_COORDINATORS (ID, COURSE_ID, COURSE_COORDINATOR_ID) VALUES (1, 39, 14);
INSERT INTO COURSE_OWNED_COORDINATORS (ID, COURSE_ID, COURSE_COORDINATOR_ID) VALUES (1, 40, 15);
INSERT INTO COURSE_OWNED_COORDINATORS (ID, COURSE_ID, COURSE_COORDINATOR_ID) VALUES (1, 41, 21);
INSERT INTO COURSE_OWNED_COORDINATORS (ID, COURSE_ID, COURSE_COORDINATOR_ID) VALUES (1, 42, 22);
INSERT INTO COURSE_OWNED_COORDINATORS (ID, COURSE_ID, COURSE_COORDINATOR_ID) VALUES (1, 43, 23);
INSERT INTO COURSE_OWNED_COORDINATORS (ID, COURSE_ID, COURSE_COORDINATOR_ID) VALUES (1, 44, 24);
INSERT INTO COURSE_OWNED_COORDINATORS (ID, COURSE_ID, COURSE_COORDINATOR_ID) VALUES (1, 45, 25);
INSERT INTO COURSE_OWNED_COORDINATORS (ID, COURSE_ID, COURSE_COORDINATOR_ID) VALUES (1, 46, 1);
INSERT INTO COURSE_OWNED_COORDINATORS (ID, COURSE_ID, COURSE_COORDINATOR_ID) VALUES (1, 47, 2);
SELECT setval('COURSE_OWNED_COORDINATOR_SEQUENCE', MAX(id)) FROM COURSE_OWNED_COORDINATORS;
COMMIT;

BEGIN;
INSERT INTO SENDING_INSTITUTION_COORDINATORS (ID, SENDING_INSTITUTION_coordinator_email, SENDING_INSTITUTION_COORDINATOR_ACADEMIC_TITLE, SENDING_INSTITUTION_COORDINATOR_FIRST_NAME, SENDING_INSTITUTION_COORDINATOR_LAST_NAME, SENDING_INSTITUTION_COORDINATOR_PHONE, SENDING_INSTITUTION_COORDINATOR_FAX) VALUES ('michaeljordan@gmail.com', 'dr inż.', 'Michael', 'Jordan', '887431155', '888542910');
INSERT INTO SENDING_INSTITUTION_COORDINATORS (ID, SENDING_INSTITUTION_coordinator_email, SENDING_INSTITUTION_COORDINATOR_ACADEMIC_TITLE, SENDING_INSTITUTION_COORDINATOR_FIRST_NAME, SENDING_INSTITUTION_COORDINATOR_LAST_NAME, SENDING_INSTITUTION_COORDINATOR_PHONE, SENDING_INSTITUTION_COORDINATOR_FAX) VALUES ('adamstephanovic@gmail.com', 'dr inż.', 'Adam', 'Stephanovic', '997431155', '998542910');
INSERT INTO SENDING_INSTITUTION_COORDINATORS (ID, SENDING_INSTITUTION_coordinator_email, SENDING_INSTITUTION_COORDINATOR_ACADEMIC_TITLE, SENDING_INSTITUTION_COORDINATOR_FIRST_NAME, SENDING_INSTITUTION_COORDINATOR_LAST_NAME, SENDING_INSTITUTION_COORDINATOR_PHONE, SENDING_INSTITUTION_COORDINATOR_FAX) VALUES ('cristovsandkuhler@gmail.com', 'dr inż.', 'Cristov', 'Sandkuhler', '777431155', '778542910');
SELECT setval('SENDING_INSTITUTION_COORDINATOR_SEQUENCE', MAX(id)) FROM SENDING_INSTITUTION_COORDINATORS;
COMMIT;

