INSERT INTO USERS (ID, FIRST_NAME, LAST_NAME, EMAIL, PASSWORD, ROLE, STATUS) VALUES (1, 'Paweł', 'Kocan', '148833@stud.prz.edu.pl', '$2a$10$9HNQ74xZ5cJMefCFkGHPfOdcOz2ratNvTwpZV41OSs5EYVi8lT5Fm', 'SUPER_ADMIN', 'ACTIVE');
INSERT INTO USERS (ID, FIRST_NAME, LAST_NAME, EMAIL, PASSWORD, ROLE, STATUS) VALUES (2, 'Kamil', 'Klecha', '152137@stud.prz.edu.pl', '$2a$10$9HNQ74xZ5cJMefCFkGHPfOdcOz2ratNvTwpZV41OSs5EYVi8lT5Fm', 'ADMIN', 'ACTIVE');
INSERT INTO USERS (ID, FIRST_NAME, LAST_NAME, EMAIL, PASSWORD, ROLE, STATUS) VALUES (3, 'Sławomir', 'Samolej', 'ssamolej@prz.edu.pl', '$2a$10$9HNQ74xZ5cJMefCFkGHPfOdcOz2ratNvTwpZV41OSs5EYVi8lT5Fm', 'ADMIN', 'ACTIVE');

INSERT INTO STUDENTS (ID, ACADEMIC_YEAR, DEPARTMENTAL_COORDINATOR_EMAIL, DEPARTMENTAL_COORDINATOR_FAX, DEPARTMENTAL_COORDINATOR_ACADEMIC_TITLE, DEPARTMENTAL_COORDINATOR_FIRST_NAME, DEPARTMENTAL_COORDINATOR_LAST_NAME, DEPARTMENTAL_COORDINATOR_PHONE, FIELD_OF_STUDY, DEPARTMENT, MATRICULATION_NUMBER, SEMESTER, DEGREE_OF_STUDY, CURRENT_ADDRESS, DATE_OF_BIRTH, EMAIL, FIRST_NAME, LAST_NAME, NATIONALITY, PERIOD_OF_STUDY_FROM, PERIOD_OF_STUDY_UNTIL, PHONE, PLACE_OF_BIRTH, SEX, STUDY_CYCLE, PHOTO_BLOB) VALUES (1, '2018-2019', 'ssamolej@kia.prz.edu.pl', '+35722713237', 'dr inż.', 'Sławomir', 'Samolej', '177432055', 'Computer Engineering', 'Electronics', '162469', 'S', 'BACHELOR', 'Strovolos Evropis 8 flat. 13', '09-09-1996', 'andreashalios@gmail.com', 'Andreas', 'Halios', 'Cypr', '09-09-1996', '09-09-1996', '35796528791', 'Nicosia', 'MALE', 'FULLTIME', null);
INSERT INTO STUDENTS (ID, ACADEMIC_YEAR, DEPARTMENTAL_COORDINATOR_EMAIL, DEPARTMENTAL_COORDINATOR_FAX, DEPARTMENTAL_COORDINATOR_ACADEMIC_TITLE, DEPARTMENTAL_COORDINATOR_FIRST_NAME, DEPARTMENTAL_COORDINATOR_LAST_NAME, DEPARTMENTAL_COORDINATOR_PHONE, FIELD_OF_STUDY, DEPARTMENT, MATRICULATION_NUMBER, SEMESTER, DEGREE_OF_STUDY, CURRENT_ADDRESS, DATE_OF_BIRTH, EMAIL, FIRST_NAME, LAST_NAME, NATIONALITY, PERIOD_OF_STUDY_FROM, PERIOD_OF_STUDY_UNTIL, PHONE, PLACE_OF_BIRTH, SEX, STUDY_CYCLE, PHOTO_BLOB) VALUES (2, '2017-2018', 'ssamolej@kia.prz.edu.pl', '+35722713238', 'dr inż.', 'Sławomir', 'Samolej', '177432055', 'Computer Engineering', 'Electronics and Software', '162468', 'W', 'BACHELOR', 'Sunny 11 flat. 15', '11-05-1997', 'ritacorreia@gmail.com', 'Rita', 'Correia', 'Hiszpania', '09-09-1996', '09-09-1996', '98796528791', 'Barcelona', 'FEMALE', 'FULLTIME', null);
INSERT INTO STUDENTS (ID, ACADEMIC_YEAR, DEPARTMENTAL_COORDINATOR_EMAIL, DEPARTMENTAL_COORDINATOR_FAX, DEPARTMENTAL_COORDINATOR_ACADEMIC_TITLE, DEPARTMENTAL_COORDINATOR_FIRST_NAME, DEPARTMENTAL_COORDINATOR_LAST_NAME, DEPARTMENTAL_COORDINATOR_PHONE, FIELD_OF_STUDY, DEPARTMENT, MATRICULATION_NUMBER, SEMESTER, DEGREE_OF_STUDY, CURRENT_ADDRESS, DATE_OF_BIRTH, EMAIL, FIRST_NAME, LAST_NAME, NATIONALITY, PERIOD_OF_STUDY_FROM, PERIOD_OF_STUDY_UNTIL, PHONE, PLACE_OF_BIRTH, SEX, STUDY_CYCLE, PHOTO_BLOB) VALUES (3, '2018-2019', 'ssamolej@kia.prz.edu.pl', '+35722713238', 'dr inż.', 'Sławomir', 'Samolej', '177432055', 'Graphic', 'Mechanic', '162470', 'W', 'BACHELOR', 'Yello 213 flat. 99', '07-01-1996', 'jeanclaude@gmail.com', 'Jean', 'Claude', 'Francja', '09-09-1996', '09-09-1996', '98796528791', 'Paris', 'MALE', 'FULLTIME', null);
INSERT INTO STUDENTS (ID, ACADEMIC_YEAR, DEPARTMENTAL_COORDINATOR_EMAIL, DEPARTMENTAL_COORDINATOR_FAX, DEPARTMENTAL_COORDINATOR_ACADEMIC_TITLE, DEPARTMENTAL_COORDINATOR_FIRST_NAME, DEPARTMENTAL_COORDINATOR_LAST_NAME, DEPARTMENTAL_COORDINATOR_PHONE, FIELD_OF_STUDY, DEPARTMENT, MATRICULATION_NUMBER, SEMESTER, DEGREE_OF_STUDY, CURRENT_ADDRESS, DATE_OF_BIRTH, EMAIL, FIRST_NAME, LAST_NAME, NATIONALITY, PERIOD_OF_STUDY_FROM, PERIOD_OF_STUDY_UNTIL, PHONE, PLACE_OF_BIRTH, SEX, STUDY_CYCLE, PHOTO_BLOB) VALUES (4, '2019-2020', 'ssamolej@kia.prz.edu.pl', '+35722713237', 'dr inż.', 'Sławomir', 'Samolej', '177432055', 'Electronics', 'Physics', '162471', 'W', 'BACHELOR', 'Brooklyn Street 23', '19-03-1998', 'mathewferry@gmail.com', 'Mathew', 'Ferry', 'Wielka Brytania', '01-10-2019', '01-03-2020', '1122334455', 'London', 'MALE', 'FULLTIME', null);
INSERT INTO STUDENTS (ID, ACADEMIC_YEAR, DEPARTMENTAL_COORDINATOR_EMAIL, DEPARTMENTAL_COORDINATOR_FAX, DEPARTMENTAL_COORDINATOR_ACADEMIC_TITLE, DEPARTMENTAL_COORDINATOR_FIRST_NAME, DEPARTMENTAL_COORDINATOR_LAST_NAME, DEPARTMENTAL_COORDINATOR_PHONE, FIELD_OF_STUDY, DEPARTMENT, MATRICULATION_NUMBER, SEMESTER, DEGREE_OF_STUDY, CURRENT_ADDRESS, DATE_OF_BIRTH, EMAIL, FIRST_NAME, LAST_NAME, NATIONALITY, PERIOD_OF_STUDY_FROM, PERIOD_OF_STUDY_UNTIL, PHONE, PLACE_OF_BIRTH, SEX, STUDY_CYCLE, PHOTO_BLOB) VALUES (5, '2019-2020', 'ssamolej@kia.prz.edu.pl', '+35722713238', 'dr inż.', 'Sławomir', 'Samolej', '177432055', 'Telecommunication', 'Physics and Telecommunication', '162472', 'W', 'BACHELOR', 'Workfrot 1121 flat. 15', '11-05-1997', 'annikamellia@gmail.com', 'Annika', 'Mellia', 'Francja', '01-10-2019', '01-03-2020', '34234228791', 'Paris', 'FEMALE', 'FULLTIME', null);
INSERT INTO STUDENTS (ID, ACADEMIC_YEAR, DEPARTMENTAL_COORDINATOR_EMAIL, DEPARTMENTAL_COORDINATOR_FAX, DEPARTMENTAL_COORDINATOR_ACADEMIC_TITLE, DEPARTMENTAL_COORDINATOR_FIRST_NAME, DEPARTMENTAL_COORDINATOR_LAST_NAME, DEPARTMENTAL_COORDINATOR_PHONE, FIELD_OF_STUDY, DEPARTMENT, MATRICULATION_NUMBER, SEMESTER, DEGREE_OF_STUDY, CURRENT_ADDRESS, DATE_OF_BIRTH, EMAIL, FIRST_NAME, LAST_NAME, NATIONALITY, PERIOD_OF_STUDY_FROM, PERIOD_OF_STUDY_UNTIL, PHONE, PLACE_OF_BIRTH, SEX, STUDY_CYCLE, PHOTO_BLOB) VALUES (6, '2019-2020', 'ssamolej@kia.prz.edu.pl', '+35722713238', 'dr inż.', 'Sławomir', 'Samolej', '177432055', 'Mathematics', 'Applied Science', '162473', 'W', 'BACHELOR', 'Suburbian 21213 flat. 199', '07-01-1996', 'robertocarlos@gmail.com', 'Roberto', 'Carolos', 'Brazylia', '01-10-2019', '01-03-2020', '57335753573', 'Sau Paulo', 'MALE', 'FULLTIME', null);
INSERT INTO STUDENTS (ID, ACADEMIC_YEAR, DEPARTMENTAL_COORDINATOR_EMAIL, DEPARTMENTAL_COORDINATOR_FAX, DEPARTMENTAL_COORDINATOR_ACADEMIC_TITLE, DEPARTMENTAL_COORDINATOR_FIRST_NAME, DEPARTMENTAL_COORDINATOR_LAST_NAME, DEPARTMENTAL_COORDINATOR_PHONE, FIELD_OF_STUDY, DEPARTMENT, MATRICULATION_NUMBER, SEMESTER, DEGREE_OF_STUDY, CURRENT_ADDRESS, DATE_OF_BIRTH, EMAIL, FIRST_NAME, LAST_NAME, NATIONALITY, PERIOD_OF_STUDY_FROM, PERIOD_OF_STUDY_UNTIL, PHONE, PLACE_OF_BIRTH, SEX, STUDY_CYCLE, PHOTO_BLOB) VALUES (7, '2019-2020', 'ssamolej@kia.prz.edu.pl', '+35722713237', 'dr inż.', 'Sławomir', 'Samolej', '177432055', 'Chemistry', 'Applied Science', '162474', 'W', 'BACHELOR', 'Spessartstrasse 18 flat. 13', '09-09-1996', 'timoglock@gmail.com', 'Timo', 'Glock', 'Niemcy', '01-10-2019', '01-03-2020', '8568854345', 'Hamburg', 'MALE', 'FULLTIME', null);
INSERT INTO STUDENTS (ID, ACADEMIC_YEAR, DEPARTMENTAL_COORDINATOR_EMAIL, DEPARTMENTAL_COORDINATOR_FAX, DEPARTMENTAL_COORDINATOR_ACADEMIC_TITLE, DEPARTMENTAL_COORDINATOR_FIRST_NAME, DEPARTMENTAL_COORDINATOR_LAST_NAME, DEPARTMENTAL_COORDINATOR_PHONE, FIELD_OF_STUDY, DEPARTMENT, MATRICULATION_NUMBER, SEMESTER, DEGREE_OF_STUDY, CURRENT_ADDRESS, DATE_OF_BIRTH, EMAIL, FIRST_NAME, LAST_NAME, NATIONALITY, PERIOD_OF_STUDY_FROM, PERIOD_OF_STUDY_UNTIL, PHONE, PLACE_OF_BIRTH, SEX, STUDY_CYCLE, PHOTO_BLOB) VALUES (8, '2019-2020', 'ssamolej@kia.prz.edu.pl', '+35722713238', 'dr inż.', 'Sławomir', 'Samolej', '177432055', 'Automation', 'Applied Science', '162475', 'W', 'BACHELOR', 'Tondernstrasse 11 flat. 15', '11-05-1997', 'jannikschumacher@gmail.com', 'Jannik', 'Schumacher', 'Niemcy', '01-10-2019', '01-03-2020', '23131253256', 'Dortmund', 'MALE', 'FULLTIME', null);
INSERT INTO STUDENTS (ID, ACADEMIC_YEAR, DEPARTMENTAL_COORDINATOR_EMAIL, DEPARTMENTAL_COORDINATOR_FAX, DEPARTMENTAL_COORDINATOR_ACADEMIC_TITLE, DEPARTMENTAL_COORDINATOR_FIRST_NAME, DEPARTMENTAL_COORDINATOR_LAST_NAME, DEPARTMENTAL_COORDINATOR_PHONE, FIELD_OF_STUDY, DEPARTMENT, MATRICULATION_NUMBER, SEMESTER, DEGREE_OF_STUDY, CURRENT_ADDRESS, DATE_OF_BIRTH, EMAIL, FIRST_NAME, LAST_NAME, NATIONALITY, PERIOD_OF_STUDY_FROM, PERIOD_OF_STUDY_UNTIL, PHONE, PLACE_OF_BIRTH, SEX, STUDY_CYCLE, PHOTO_BLOB) VALUES (9, '2019-2020', 'ssamolej@kia.prz.edu.pl', '+35722713238', 'dr inż.', 'Sławomir', 'Samolej', '177432055', 'Programming', 'Applied Science', '162476', 'W', 'BACHELOR', 'Rubenstrasse flat. 99', '07-01-1996', 'marvinpodolski@gmail.com', 'Marvin', 'Podolski', 'Niemcy', '01-10-2019', '01-03-2020', '6583422432', 'Monachium', 'MALE', 'FULLTIME', null);

INSERT INTO COURSES(ID, UNIT_CODE, NAME, DURATION_OF_UNIT, CREDITS, WHETHER_ACTIVE, SEMESTER, DEPARTMENT, NUMBER_OF_HOURS) VALUES (1, '354',    'Analiza matematyczna i algebra liniowa',           '1S', '6',  'true', 'S', 'WEiI', '25W + 15L + 7K');
INSERT INTO COURSES(ID, UNIT_CODE, NAME, DURATION_OF_UNIT, CREDITS, WHETHER_ACTIVE, SEMESTER, DEPARTMENT, NUMBER_OF_HOURS) VALUES (2, '359',    'Bezpieczeństwo pracy i ergonomia',                 '1S', '1',  'true', 'S', 'WEiI', '30W + 15L + 7K');
INSERT INTO COURSES(ID, UNIT_CODE, NAME, DURATION_OF_UNIT, CREDITS, WHETHER_ACTIVE, SEMESTER, DEPARTMENT, NUMBER_OF_HOURS) VALUES (3, '362',    'Ekonomia',                                         '1S', '1',  'true', 'S', 'WEiI', '25W + 15L + 7K');
INSERT INTO COURSES(ID, UNIT_CODE, NAME, DURATION_OF_UNIT, CREDITS, WHETHER_ACTIVE, SEMESTER, DEPARTMENT, NUMBER_OF_HOURS) VALUES (4, '2702',   'Etyka',                                            '1S', '1',  'true', 'S', 'WEiI', '30W + 20L + 7K');
INSERT INTO COURSES(ID, UNIT_CODE, NAME, DURATION_OF_UNIT, CREDITS, WHETHER_ACTIVE, SEMESTER, DEPARTMENT, NUMBER_OF_HOURS) VALUES (5, '365',    'Fizyka',                                           '1S', '5',  'true', 'S', 'WEiI', '25W + 15L + 7K');
INSERT INTO COURSES(ID, UNIT_CODE, NAME, DURATION_OF_UNIT, CREDITS, WHETHER_ACTIVE, SEMESTER, DEPARTMENT, NUMBER_OF_HOURS) VALUES (6, '382',    'Programowanie w języku C',                         '1S', '4',  'true', 'W', 'WEiI', '30W + 15L + 7K');
INSERT INTO COURSES(ID, UNIT_CODE, NAME, DURATION_OF_UNIT, CREDITS, WHETHER_ACTIVE, SEMESTER, DEPARTMENT, NUMBER_OF_HOURS) VALUES (7, '391',    'Sygnały i systemy',                                '1S', '5',  'true', 'W', 'WEiI', '25W + 15L + 7K');
INSERT INTO COURSES(ID, UNIT_CODE, NAME, DURATION_OF_UNIT, CREDITS, WHETHER_ACTIVE, SEMESTER, DEPARTMENT, NUMBER_OF_HOURS) VALUES (8, '409',    'Wstęp do programowania',                           '1S', '4',  'true', 'S', 'WEiI', '30W + 15L + 7K');
INSERT INTO COURSES(ID, UNIT_CODE, NAME, DURATION_OF_UNIT, CREDITS, WHETHER_ACTIVE, SEMESTER, DEPARTMENT, NUMBER_OF_HOURS) VALUES (9, '2995',   'Wychowanie fizyczne',                              '2S', '2',  'true', 'S', 'WEiI', '25W + 15L + 7K');
INSERT INTO COURSES(ID, UNIT_CODE, NAME, DURATION_OF_UNIT, CREDITS, WHETHER_ACTIVE, SEMESTER, DEPARTMENT, NUMBER_OF_HOURS) VALUES (10, '353',    'Algorytmy i struktury danych',                     '1S', '5',  'true', 'W', 'WEiI', '30W + 15L + 7K');
INSERT INTO COURSES(ID, UNIT_CODE, NAME, DURATION_OF_UNIT, CREDITS, WHETHER_ACTIVE, SEMESTER, DEPARTMENT, NUMBER_OF_HOURS) VALUES (11, '356',    'Architektura systemów komputerowych',              '1S', '4',  'true', 'S', 'WEiI', '25W + 15L + 7K');
INSERT INTO COURSES(ID, UNIT_CODE, NAME, DURATION_OF_UNIT, CREDITS, WHETHER_ACTIVE, SEMESTER, DEPARTMENT, NUMBER_OF_HOURS) VALUES (12, '364',    'Elementy logiki i arytmetyki komputerów',          '1S', '4',  'true', 'W', 'WEiI', '30W + 15L + 7K');
INSERT INTO COURSES(ID, UNIT_CODE, NAME, DURATION_OF_UNIT, CREDITS, WHETHER_ACTIVE, SEMESTER, DEPARTMENT, NUMBER_OF_HOURS) VALUES (13, '371',    'Logika i teoria mnogości',                         '1S', '3',  'true', 'S', 'WEiI', '30W + 15L + 7K');
INSERT INTO COURSES(ID, UNIT_CODE, NAME, DURATION_OF_UNIT, CREDITS, WHETHER_ACTIVE, SEMESTER, DEPARTMENT, NUMBER_OF_HOURS) VALUES (14, '372',    'Matematyka dyskretna 1',                           '1S', '4',  'true', 'W', 'WEiI', '25W + 15L + 7K');
INSERT INTO COURSES(ID, UNIT_CODE, NAME, DURATION_OF_UNIT, CREDITS, WHETHER_ACTIVE, SEMESTER, DEPARTMENT, NUMBER_OF_HOURS) VALUES (15, '373',    'Metody numeryczne',                                '1S', '5',  'true', 'W', 'WEiI', '30W + 15L + 7K');
INSERT INTO COURSES(ID, UNIT_CODE, NAME, DURATION_OF_UNIT, CREDITS, WHETHER_ACTIVE, SEMESTER, DEPARTMENT, NUMBER_OF_HOURS) VALUES (16, '399',    'Technika informacyjno-pomiarowa',                  '1S', '4',  'true', 'W', 'WEiI', '25W + 15L + 7K');
INSERT INTO COURSES(ID, UNIT_CODE, NAME, DURATION_OF_UNIT, CREDITS, WHETHER_ACTIVE, SEMESTER, DEPARTMENT, NUMBER_OF_HOURS) VALUES (17, '369',    'Języki, automaty i obliczenia',                    '1S', '6',  'true', 'W', 'WEiI', '30W + 15L + 7K');
INSERT INTO COURSES(ID, UNIT_CODE, NAME, DURATION_OF_UNIT, CREDITS, WHETHER_ACTIVE, SEMESTER, DEPARTMENT, NUMBER_OF_HOURS) VALUES (18, '374',    'Metody probabilistyczne i statystyka',             '1S', '4',  'true', 'W', 'WEiI', '25W + 15L + 7K');
INSERT INTO COURSES(ID, UNIT_CODE, NAME, DURATION_OF_UNIT, CREDITS, WHETHER_ACTIVE, SEMESTER, DEPARTMENT, NUMBER_OF_HOURS) VALUES (19, '378',    'Podstawy elektroniki',                             '1S', '4',  'true', 'S', 'WEiI', '25W + 15L + 7K');
INSERT INTO COURSES(ID, UNIT_CODE, NAME, DURATION_OF_UNIT, CREDITS, WHETHER_ACTIVE, SEMESTER, DEPARTMENT, NUMBER_OF_HOURS) VALUES (20, '383',    'Programowanie w języku C++',                       '1S', '6',  'true', 'S', 'WEiI', '30W + 15L + 7K');
INSERT INTO COURSES(ID, UNIT_CODE, NAME, DURATION_OF_UNIT, CREDITS, WHETHER_ACTIVE, SEMESTER, DEPARTMENT, NUMBER_OF_HOURS) VALUES (21, '393',    'Systemy operacyjne',                               '1S', '6',  'true', 'S', 'WEiI', '25W + 15L + 7K');
INSERT INTO COURSES(ID, UNIT_CODE, NAME, DURATION_OF_UNIT, CREDITS, WHETHER_ACTIVE, SEMESTER, DEPARTMENT, NUMBER_OF_HOURS) VALUES (22, '404',    'Układy zasilające w systemach komputerowych',      '1S', '2',  'true', 'S', 'WEiI', '30W + 15L + 7K');
INSERT INTO COURSES(ID, UNIT_CODE, NAME, DURATION_OF_UNIT, CREDITS, WHETHER_ACTIVE, SEMESTER, DEPARTMENT, NUMBER_OF_HOURS) VALUES (23, '357',    'Bazy danych',                                      '1S', '5',  'true', 'S', 'WEiI', '25W + 15L + 7K');
INSERT INTO COURSES(ID, UNIT_CODE, NAME, DURATION_OF_UNIT, CREDITS, WHETHER_ACTIVE, SEMESTER, DEPARTMENT, NUMBER_OF_HOURS) VALUES (24, '366',    'Grafika komputerowa',                              '1S', '3',  'true', 'W', 'WEiI', '30W + 15L + 7K');
INSERT INTO COURSES(ID, UNIT_CODE, NAME, DURATION_OF_UNIT, CREDITS, WHETHER_ACTIVE, SEMESTER, DEPARTMENT, NUMBER_OF_HOURS) VALUES (25, '368',    'Inżynieria oprogramowania',                        '1S', '5',  'true', 'W', 'WEiI', '25W + 15L + 7K');
INSERT INTO COURSES(ID, UNIT_CODE, NAME, DURATION_OF_UNIT, CREDITS, WHETHER_ACTIVE, SEMESTER, DEPARTMENT, NUMBER_OF_HOURS) VALUES (26, '375',    'Mikronapędy w systemach komputerowych',            '1S', '2',  'true', 'S', 'WEiI', '30W + 15L + 7K');
INSERT INTO COURSES(ID, UNIT_CODE, NAME, DURATION_OF_UNIT, CREDITS, WHETHER_ACTIVE, SEMESTER, DEPARTMENT, NUMBER_OF_HOURS) VALUES (27, '379',    'Podstawy telekomunikacji',                         '1S', '2',  'true', 'S', 'WEiI', '25W + 15L + 7K');
INSERT INTO COURSES(ID, UNIT_CODE, NAME, DURATION_OF_UNIT, CREDITS, WHETHER_ACTIVE, SEMESTER, DEPARTMENT, NUMBER_OF_HOURS) VALUES (28, '2707',   'Praktyka',                                         '1S', '2',  'true', 'S', 'WEiI', '30W + 15L + 7K');
INSERT INTO COURSES(ID, UNIT_CODE, NAME, DURATION_OF_UNIT, CREDITS, WHETHER_ACTIVE, SEMESTER, DEPARTMENT, NUMBER_OF_HOURS) VALUES (29, '2781',   'Sieci komputerowe I',                              '1S', '4',  'true', 'W', 'WEiI', '25W + 15L + 7K');
INSERT INTO COURSES(ID, UNIT_CODE, NAME, DURATION_OF_UNIT, CREDITS, WHETHER_ACTIVE, SEMESTER, DEPARTMENT, NUMBER_OF_HOURS) VALUES (30, '398',    'Sztuczna inteligencja',                            '1S', '5',  'true', 'W', 'WEiI', '30W + 15L + 7K');
INSERT INTO COURSES(ID, UNIT_CODE, NAME, DURATION_OF_UNIT, CREDITS, WHETHER_ACTIVE, SEMESTER, DEPARTMENT, NUMBER_OF_HOURS) VALUES (31, '367',    'Interakcja człowiek-komputer',                     '1S', '4',  'true', 'S', 'WEiI', '25W + 15L + 7K');
INSERT INTO COURSES(ID, UNIT_CODE, NAME, DURATION_OF_UNIT, CREDITS, WHETHER_ACTIVE, SEMESTER, DEPARTMENT, NUMBER_OF_HOURS) VALUES (32, '381',    'Programowanie niskopoziomowe',                     '1S', '3',  'true', 'W', 'WEiI', '30W + 15L + 7K');
INSERT INTO COURSES(ID, UNIT_CODE, NAME, DURATION_OF_UNIT, CREDITS, WHETHER_ACTIVE, SEMESTER, DEPARTMENT, NUMBER_OF_HOURS) VALUES (33, '390',    'Sieci komputerowe II (A)',                         '1S', '4',  'true', 'S', 'WEiI', '25W + 15L + 7K');
INSERT INTO COURSES(ID, UNIT_CODE, NAME, DURATION_OF_UNIT, CREDITS, WHETHER_ACTIVE, SEMESTER, DEPARTMENT, NUMBER_OF_HOURS) VALUES (34, '394',    'Systemy operacyjne LINUX i QNX',                   '1S', '3',  'true', 'W', 'WEiI', '30W + 15L + 7K');
INSERT INTO COURSES(ID, UNIT_CODE, NAME, DURATION_OF_UNIT, CREDITS, WHETHER_ACTIVE, SEMESTER, DEPARTMENT, NUMBER_OF_HOURS) VALUES (35, '401',    'Technologie sieci WEB',                            '1S', '5',  'true', 'S', 'WEiI', '25W + 15L + 7K');
INSERT INTO COURSES(ID, UNIT_CODE, NAME, DURATION_OF_UNIT, CREDITS, WHETHER_ACTIVE, SEMESTER, DEPARTMENT, NUMBER_OF_HOURS) VALUES (36, '408',    'Wizja komputerowa',                                '1S', '4',  'true', 'S', 'WEiI', '30W + 15L + 7K');
INSERT INTO COURSES(ID, UNIT_CODE, NAME, DURATION_OF_UNIT, CREDITS, WHETHER_ACTIVE, SEMESTER, DEPARTMENT, NUMBER_OF_HOURS) VALUES (37, '5873',   'Zarządzanie projektami',                           '1S', '2',  'true', 'W', 'WEiI', '25W + 15L + 7K');
INSERT INTO COURSES(ID, UNIT_CODE, NAME, DURATION_OF_UNIT, CREDITS, WHETHER_ACTIVE, SEMESTER, DEPARTMENT, NUMBER_OF_HOURS) VALUES (38, '361',    'Bezpieczeństwo systemów informatycznych',          '1S', '3',  'true', 'S', 'WEiI', '30W + 15L + 7K');
INSERT INTO COURSES(ID, UNIT_CODE, NAME, DURATION_OF_UNIT, CREDITS, WHETHER_ACTIVE, SEMESTER, DEPARTMENT, NUMBER_OF_HOURS) VALUES (39, '370',    'Komunikacja w sieciach mikrokomputerowych',        '1S', '4',  'true', 'W', 'WEiI', '25W + 15L + 7K');
INSERT INTO COURSES(ID, UNIT_CODE, NAME, DURATION_OF_UNIT, CREDITS, WHETHER_ACTIVE, SEMESTER, DEPARTMENT, NUMBER_OF_HOURS) VALUES (40, '384',    'Programowanie w języku Java',                      '1S', '3',  'true', 'S', 'WEiI', '30W + 15L + 7K');
INSERT INTO COURSES(ID, UNIT_CODE, NAME, DURATION_OF_UNIT, CREDITS, WHETHER_ACTIVE, SEMESTER, DEPARTMENT, NUMBER_OF_HOURS) VALUES (41, '2704',   'Seminarium dyplomowe',                             '1S', '7',  'true', 'W', 'WEiI', '25W + 15L + 7K');
INSERT INTO COURSES(ID, UNIT_CODE, NAME, DURATION_OF_UNIT, CREDITS, WHETHER_ACTIVE, SEMESTER, DEPARTMENT, NUMBER_OF_HOURS) VALUES (42, '397',    'Systemy wbudowane',                                '1S', '5',  'true', 'S', 'WEiI', '30W + 15L + 7K');
INSERT INTO COURSES(ID, UNIT_CODE, NAME, DURATION_OF_UNIT, CREDITS, WHETHER_ACTIVE, SEMESTER, DEPARTMENT, NUMBER_OF_HOURS) VALUES (43, '400',    'Techniki multimedialne',                           '1S', '4',  'true', 'W', 'WEiI', '25W + 15L + 7K');
INSERT INTO COURSES(ID, UNIT_CODE, NAME, DURATION_OF_UNIT, CREDITS, WHETHER_ACTIVE, SEMESTER, DEPARTMENT, NUMBER_OF_HOURS) VALUES (44, '2706',   'Praca dyplomowa',                                  '1S', '20', 'true', 'S', 'WEiI', '30W + 15L + 7K');
INSERT INTO COURSES(ID, UNIT_CODE, NAME, DURATION_OF_UNIT, CREDITS, WHETHER_ACTIVE, SEMESTER, DEPARTMENT, NUMBER_OF_HOURS) VALUES (45, '380',    'Problemy społeczne i zawodowe informatyki',        '1S', '3',  'true', 'W', 'WEiI', '25W + 15L + 7K');
INSERT INTO COURSES(ID, UNIT_CODE, NAME, DURATION_OF_UNIT, CREDITS, WHETHER_ACTIVE, SEMESTER, DEPARTMENT, NUMBER_OF_HOURS) VALUES (46, '2708',   'Projekt/Pracownia problemowa',                     '1S', '4',  'true', 'S', 'WEiI', '30W + 15L + 7K');
INSERT INTO COURSES(ID, UNIT_CODE, NAME, DURATION_OF_UNIT, CREDITS, WHETHER_ACTIVE, SEMESTER, DEPARTMENT, NUMBER_OF_HOURS) VALUES (47, '11113',  'Wykład monograficzny',                             '1S', '1',  'true', 'W', 'WEiI', '25W + 15L + 7K');

INSERT INTO COURSE_COORDINATORS (ID, COURSE_COORDINATOR_EMAIL, COURSE_COORDINATOR_ACADEMIC_TITLE, COURSE_COORDINATOR_FIRST_NAME, COURSE_COORDINATOR_LAST_NAME, COURSE_COORDINATOR_PHONE, COURSE_COORDINATOR_FAX) VALUES (1, 'ssamolej@prz.edu.pl', 'dr inż.', 'Sławomir', 'Samolej', '177432055', '178542910');
INSERT INTO COURSE_COORDINATORS (ID, COURSE_COORDINATOR_EMAIL, COURSE_COORDINATOR_ACADEMIC_TITLE, COURSE_COORDINATOR_FIRST_NAME, COURSE_COORDINATOR_LAST_NAME, COURSE_COORDINATOR_PHONE, COURSE_COORDINATOR_FAX) VALUES (2, 'jacklu@prz.edu.pl', 'prof. dr hab. inż.', 'Jacek', 'Kluska', '178651686', '178542910');
INSERT INTO COURSE_COORDINATORS (ID, COURSE_COORDINATOR_EMAIL, COURSE_COORDINATOR_ACADEMIC_TITLE, COURSE_COORDINATOR_FIRST_NAME, COURSE_COORDINATOR_LAST_NAME, COURSE_COORDINATOR_PHONE, COURSE_COORDINATOR_FAX) VALUES (3, 'ltrybus@prz.edu.pl', 'prof. dr hab. inż.', 'Leszek', 'Trybus', '178651552', '178542910');
INSERT INTO COURSE_COORDINATORS (ID, COURSE_COORDINATOR_EMAIL, COURSE_COORDINATOR_ACADEMIC_TITLE, COURSE_COORDINATOR_FIRST_NAME, COURSE_COORDINATOR_LAST_NAME, COURSE_COORDINATOR_PHONE, COURSE_COORDINATOR_FAX) VALUES (4, 'lgniewek@prz.edu.pl', 'dr hab. inż.', 'Lesław', 'Gniewek', '178651536', '178651613');
INSERT INTO COURSE_COORDINATORS (ID, COURSE_COORDINATOR_EMAIL, COURSE_COORDINATOR_ACADEMIC_TITLE, COURSE_COORDINATOR_FIRST_NAME, COURSE_COORDINATOR_LAST_NAME, COURSE_COORDINATOR_PHONE, COURSE_COORDINATOR_FAX) VALUES (5, 'zh@prz.edu.pl', 'dr hab. inż.', 'Zbigniew', 'Hajduk', '178651486', '178542910');
INSERT INTO COURSE_COORDINATORS (ID, COURSE_COORDINATOR_EMAIL, COURSE_COORDINATOR_ACADEMIC_TITLE, COURSE_COORDINATOR_FIRST_NAME, COURSE_COORDINATOR_LAST_NAME, COURSE_COORDINATOR_PHONE, COURSE_COORDINATOR_FAX) VALUES (6, 'tomekkap@kia.prz.edu.pl', 'dr inż.', 'Tomasz', 'Kapuściński', '178651614', '178542910');
INSERT INTO COURSE_COORDINATORS (ID, COURSE_COORDINATOR_EMAIL, COURSE_COORDINATOR_ACADEMIC_TITLE, COURSE_COORDINATOR_FIRST_NAME, COURSE_COORDINATOR_LAST_NAME, COURSE_COORDINATOR_PHONE, COURSE_COORDINATOR_FAX) VALUES (7, 'tkrzeszo@prz.edu.pl', 'dr inż.', 'Tomasz', 'Krzeszowski', '178651136', '178542910');
INSERT INTO COURSE_COORDINATORS (ID, COURSE_COORDINATOR_EMAIL, COURSE_COORDINATOR_ACADEMIC_TITLE, COURSE_COORDINATOR_FIRST_NAME, COURSE_COORDINATOR_LAST_NAME, COURSE_COORDINATOR_PHONE, COURSE_COORDINATOR_FAX) VALUES (8, 'lery@prz-rzeszow.pl', 'dr hab. inż.', 'Ryszard', 'Leniowski', '178651769', '178542910');
INSERT INTO COURSE_COORDINATORS (ID, COURSE_COORDINATOR_EMAIL, COURSE_COORDINATOR_ACADEMIC_TITLE, COURSE_COORDINATOR_FIRST_NAME, COURSE_COORDINATOR_LAST_NAME, COURSE_COORDINATOR_PHONE, COURSE_COORDINATOR_FAX) VALUES (9, 'marosz@prz.edu.pl', 'dr hab. inż.', 'Mariusz', 'Oszust', '178651614', '178542910');
INSERT INTO COURSE_COORDINATORS (ID, COURSE_COORDINATOR_EMAIL, COURSE_COORDINATOR_ACADEMIC_TITLE, COURSE_COORDINATOR_FIRST_NAME, COURSE_COORDINATOR_LAST_NAME, COURSE_COORDINATOR_PHONE, COURSE_COORDINATOR_FAX) VALUES (10, 'swiderzb@prz.edu.pl', 'dr hab. inż.', 'Zbigniew', 'Świder', '178651549', '178542910');
INSERT INTO COURSE_COORDINATORS (ID, COURSE_COORDINATOR_EMAIL, COURSE_COORDINATOR_ACADEMIC_TITLE, COURSE_COORDINATOR_FIRST_NAME, COURSE_COORDINATOR_LAST_NAME, COURSE_COORDINATOR_PHONE, COURSE_COORDINATOR_FAX) VALUES (11, 'kwiktor@prz.edu.pl', 'dr inż.', 'Krzysztof', 'Wiktorowicz', '178651536', '178542910');
INSERT INTO COURSE_COORDINATORS (ID, COURSE_COORDINATOR_EMAIL, COURSE_COORDINATOR_ACADEMIC_TITLE, COURSE_COORDINATOR_FIRST_NAME, COURSE_COORDINATOR_LAST_NAME, COURSE_COORDINATOR_PHONE, COURSE_COORDINATOR_FAX) VALUES (12, 'mwysocki@prz.edu.pl', 'dr hab. inż.', 'Marian', 'Wysocki', '178651583', '178542910');
INSERT INTO COURSE_COORDINATORS (ID, COURSE_COORDINATOR_EMAIL, COURSE_COORDINATOR_ACADEMIC_TITLE, COURSE_COORDINATOR_FIRST_NAME, COURSE_COORDINATOR_LAST_NAME, COURSE_COORDINATOR_PHONE, COURSE_COORDINATOR_FAX) VALUES (13, 'rzajdel@prz.edu.pl', 'dr hab. inż.', 'Roman', 'Zajdel', '178651489', '178542910');
INSERT INTO COURSE_COORDINATORS (ID, COURSE_COORDINATOR_EMAIL, COURSE_COORDINATOR_ACADEMIC_TITLE, COURSE_COORDINATOR_FIRST_NAME, COURSE_COORDINATOR_LAST_NAME, COURSE_COORDINATOR_PHONE, COURSE_COORDINATOR_FAX) VALUES (14, 'bednarek@prz.edu.pl', 'dr inż.', 'Marcin', 'Bednarek', '178651543', '178542910');
INSERT INTO COURSE_COORDINATORS (ID, COURSE_COORDINATOR_EMAIL, COURSE_COORDINATOR_ACADEMIC_TITLE, COURSE_COORDINATOR_FIRST_NAME, COURSE_COORDINATOR_LAST_NAME, COURSE_COORDINATOR_PHONE, COURSE_COORDINATOR_FAX) VALUES (15, 'abozek@prz.edu.pl', 'dr inż.', 'Andrzej', 'Bożek', '177432308', '178542910');
INSERT INTO COURSE_COORDINATORS (ID, COURSE_COORDINATOR_EMAIL, COURSE_COORDINATOR_ACADEMIC_TITLE, COURSE_COORDINATOR_FIRST_NAME, COURSE_COORDINATOR_LAST_NAME, COURSE_COORDINATOR_PHONE, COURSE_COORDINATOR_FAX) VALUES (16, 'gdec@prz.edu.pl', 'dr inż.', 'Grzegorz', 'Dec', '178651486', '178542910');
INSERT INTO COURSE_COORDINATORS (ID, COURSE_COORDINATOR_EMAIL, COURSE_COORDINATOR_ACADEMIC_TITLE, COURSE_COORDINATOR_FIRST_NAME, COURSE_COORDINATOR_LAST_NAME, COURSE_COORDINATOR_PHONE, COURSE_COORDINATOR_FAX) VALUES (17, 'm.hubacz@prz.edu.pl', 'mgr inż.', 'Marcin', 'Hubacz', '178651685', '178542910');
INSERT INTO COURSE_COORDINATORS (ID, COURSE_COORDINATOR_EMAIL, COURSE_COORDINATOR_ACADEMIC_TITLE, COURSE_COORDINATOR_FIRST_NAME, COURSE_COORDINATOR_LAST_NAME, COURSE_COORDINATOR_PHONE, COURSE_COORDINATOR_FAX) VALUES (18, 'bartoszj@prz.edu.pl', 'dr inż.', 'Bartosz', 'Jędrzejec', '178651548', '178542910');
INSERT INTO COURSE_COORDINATORS (ID, COURSE_COORDINATOR_EMAIL, COURSE_COORDINATOR_ACADEMIC_TITLE, COURSE_COORDINATOR_FIRST_NAME, COURSE_COORDINATOR_LAST_NAME, COURSE_COORDINATOR_PHONE, COURSE_COORDINATOR_FAX) VALUES (19, 'ewaj@prz.edu.pl', 'mgr inż.', 'Ewa', 'Jędrzejec', '178651789', '178542910');
INSERT INTO COURSE_COORDINATORS (ID, COURSE_COORDINATOR_EMAIL, COURSE_COORDINATOR_ACADEMIC_TITLE, COURSE_COORDINATOR_FIRST_NAME, COURSE_COORDINATOR_LAST_NAME, COURSE_COORDINATOR_PHONE, COURSE_COORDINATOR_FAX) VALUES (20, 'k.kamycki@prz.edu.pl', 'mgr inż.', 'Krzysztof', 'Kamycki', '178651768', '178542910');
INSERT INTO COURSE_COORDINATORS (ID, COURSE_COORDINATOR_EMAIL, COURSE_COORDINATOR_ACADEMIC_TITLE, COURSE_COORDINATOR_FIRST_NAME, COURSE_COORDINATOR_LAST_NAME, COURSE_COORDINATOR_PHONE, COURSE_COORDINATOR_FAX) VALUES (21, 'klal@prz.edu.pl', 'dr inż.', 'Kazimierz', 'Lal', '178651767', '178542910');
INSERT INTO COURSE_COORDINATORS (ID, COURSE_COORDINATOR_EMAIL, COURSE_COORDINATOR_ACADEMIC_TITLE, COURSE_COORDINATOR_FIRST_NAME, COURSE_COORDINATOR_LAST_NAME, COURSE_COORDINATOR_PHONE, COURSE_COORDINATOR_FAX) VALUES (22, 'mmarkiewicz@prz.edu.pl', 'mgr inż.', 'Michał', 'Markiewicz', '178651536', '178542910');
INSERT INTO COURSE_COORDINATORS (ID, COURSE_COORDINATOR_EMAIL, COURSE_COORDINATOR_ACADEMIC_TITLE, COURSE_COORDINATOR_FIRST_NAME, COURSE_COORDINATOR_LAST_NAME, COURSE_COORDINATOR_PHONE, COURSE_COORDINATOR_FAX) VALUES (23, 'aska@prz.edu.pl', 'dr inż.', 'Joanna', 'Marnik', '178651557', '178651614');
INSERT INTO COURSE_COORDINATORS (ID, COURSE_COORDINATOR_EMAIL, COURSE_COORDINATOR_ACADEMIC_TITLE, COURSE_COORDINATOR_FIRST_NAME, COURSE_COORDINATOR_LAST_NAME, COURSE_COORDINATOR_PHONE, COURSE_COORDINATOR_FAX) VALUES (24, 'd.ozog@prz.edu.pl', 'mgr inż.', 'Dominik', 'Ożóg', '177432053', '178542910');
INSERT INTO COURSE_COORDINATORS (ID, COURSE_COORDINATOR_EMAIL, COURSE_COORDINATOR_ACADEMIC_TITLE, COURSE_COORDINATOR_FIRST_NAME, COURSE_COORDINATOR_LAST_NAME, COURSE_COORDINATOR_PHONE, COURSE_COORDINATOR_FAX) VALUES (25, 'm.penar@prz.edu.pl', 'mgr inż.', 'Maciej', 'Penar', '177432053', '178542910');
INSERT INTO COURSE_COORDINATORS (ID, COURSE_COORDINATOR_EMAIL, COURSE_COORDINATOR_ACADEMIC_TITLE, COURSE_COORDINATOR_FIRST_NAME, COURSE_COORDINATOR_LAST_NAME, COURSE_COORDINATOR_PHONE, COURSE_COORDINATOR_FAX) VALUES (26, 'gpiecuch@prz.edu.pl', 'mgr inż.', 'Grzegorz', 'Piecuch', '178651548', '178542910');
INSERT INTO COURSE_COORDINATORS (ID, COURSE_COORDINATOR_EMAIL, COURSE_COORDINATOR_ACADEMIC_TITLE, COURSE_COORDINATOR_FIRST_NAME, COURSE_COORDINATOR_LAST_NAME, COURSE_COORDINATOR_PHONE, COURSE_COORDINATOR_FAX) VALUES (27, 'trak@prz.edu.pl', 'dr inż.', 'Tomasz', 'Rak', '178651767', '178542910');
INSERT INTO COURSE_COORDINATORS (ID, COURSE_COORDINATOR_EMAIL, COURSE_COORDINATOR_ACADEMIC_TITLE, COURSE_COORDINATOR_FIRST_NAME, COURSE_COORDINATOR_LAST_NAME, COURSE_COORDINATOR_PHONE, COURSE_COORDINATOR_FAX) VALUES (28, 'brymut@prz.edu.pl', 'dr inż.', 'Bogusław', 'Rymut', '178651136', '178542910');
INSERT INTO COURSE_COORDINATORS (ID, COURSE_COORDINATOR_EMAIL, COURSE_COORDINATOR_ACADEMIC_TITLE, COURSE_COORDINATOR_FIRST_NAME, COURSE_COORDINATOR_LAST_NAME, COURSE_COORDINATOR_PHONE, COURSE_COORDINATOR_FAX) VALUES (29, 'drzonca@prz.edu.pl', 'dr inż.', 'Dariusz', 'Rzońca', '178651768', '178542910');
INSERT INTO COURSE_COORDINATORS (ID, COURSE_COORDINATOR_EMAIL, COURSE_COORDINATOR_ACADEMIC_TITLE, COURSE_COORDINATOR_FIRST_NAME, COURSE_COORDINATOR_LAST_NAME, COURSE_COORDINATOR_PHONE, COURSE_COORDINATOR_FAX) VALUES (30, 'jsad@prz.edu.pl', 'dr inż.', 'Jan', 'Sadolewski', '178651796', '178542910');
INSERT INTO COURSE_COORDINATORS (ID, COURSE_COORDINATOR_EMAIL, COURSE_COORDINATOR_ACADEMIC_TITLE, COURSE_COORDINATOR_FIRST_NAME, COURSE_COORDINATOR_LAST_NAME, COURSE_COORDINATOR_PHONE, COURSE_COORDINATOR_FAX) VALUES (31, 'p.stawarz@prz.edu.pl', 'mgr inż.', 'Paweł', 'Stawarz', '178651592', '178542910');
INSERT INTO COURSE_COORDINATORS (ID, COURSE_COORDINATOR_EMAIL, COURSE_COORDINATOR_ACADEMIC_TITLE, COURSE_COORDINATOR_FIRST_NAME, COURSE_COORDINATOR_LAST_NAME, COURSE_COORDINATOR_PHONE, COURSE_COORDINATOR_FAX) VALUES (32, 'astec@prz.edu.pl', 'dr inż.', 'Andrzej', 'Stec', '178651793', '178542910');
INSERT INTO COURSE_COORDINATORS (ID, COURSE_COORDINATOR_EMAIL, COURSE_COORDINATOR_ACADEMIC_TITLE, COURSE_COORDINATOR_FIRST_NAME, COURSE_COORDINATOR_LAST_NAME, COURSE_COORDINATOR_PHONE, COURSE_COORDINATOR_FAX) VALUES (33, 'sniezekm@prz.edu.pl', 'dr inż.', 'Marek', 'Śnieżek', '178651539', '178542910');
INSERT INTO COURSE_COORDINATORS (ID, COURSE_COORDINATOR_EMAIL, COURSE_COORDINATOR_ACADEMIC_TITLE, COURSE_COORDINATOR_FIRST_NAME, COURSE_COORDINATOR_LAST_NAME, COURSE_COORDINATOR_PHONE, COURSE_COORDINATOR_FAX) VALUES (34, 'kswider@prz.edu.pl', 'dr inż.', 'Krzysztof', 'Świder', '177432015', '178542910');
INSERT INTO COURSE_COORDINATORS (ID, COURSE_COORDINATOR_EMAIL, COURSE_COORDINATOR_ACADEMIC_TITLE, COURSE_COORDINATOR_FIRST_NAME, COURSE_COORDINATOR_LAST_NAME, COURSE_COORDINATOR_PHONE, COURSE_COORDINATOR_FAX) VALUES (35, 'k.tomecki@prz.edu.pl', 'mgr inż.', 'Krzysztof', 'Tomecki', '177432015', '178542910');
INSERT INTO COURSE_COORDINATORS (ID, COURSE_COORDINATOR_EMAIL, COURSE_COORDINATOR_ACADEMIC_TITLE, COURSE_COORDINATOR_FIRST_NAME, COURSE_COORDINATOR_LAST_NAME, COURSE_COORDINATOR_PHONE, COURSE_COORDINATOR_FAX) VALUES (36, 'btrybus@prz.edu.pl', 'dr inż.', 'Bartosz', 'Trybus', '178651685', '178542910');
INSERT INTO COURSE_COORDINATORS (ID, COURSE_COORDINATOR_EMAIL, COURSE_COORDINATOR_ACADEMIC_TITLE, COURSE_COORDINATOR_FIRST_NAME, COURSE_COORDINATOR_LAST_NAME, COURSE_COORDINATOR_PHONE, COURSE_COORDINATOR_FAX) VALUES (37, 'dawwar@prz.edu.pl', 'dr inż.', 'Dawid', 'Warchoł', '178651614', '178651592');
INSERT INTO COURSE_COORDINATORS (ID, COURSE_COORDINATOR_EMAIL, COURSE_COORDINATOR_ACADEMIC_TITLE, COURSE_COORDINATOR_FIRST_NAME, COURSE_COORDINATOR_LAST_NAME, COURSE_COORDINATOR_PHONE, COURSE_COORDINATOR_FAX) VALUES (38, 'p.wozniak@prz.edu.pl', 'mgr inż.', 'Piotr', 'Woźniak', '177432053', '178542910');
INSERT INTO COURSE_COORDINATORS (ID, COURSE_COORDINATOR_EMAIL, COURSE_COORDINATOR_ACADEMIC_TITLE, COURSE_COORDINATOR_FIRST_NAME, COURSE_COORDINATOR_LAST_NAME, COURSE_COORDINATOR_PHONE, COURSE_COORDINATOR_FAX) VALUES (39, 'aszczep@prz.edu.pl', 'dr inż.', 'Antoni', 'Szczepański', '178651298', '178542910');

INSERT INTO RECEIVING_INSTITUTIONS (ID, RECEIVING_INSTITUTION_EMAIL, RECEIVING_INSTITUTION_NAME, RECEIVING_INSTITUTION_PATRON, RECEIVING_INSTITUTION_WHERE, RECEIVING_INSTITUTION_ADDRESS, RECEIVING_INSTITUTION_POST_CODE, RECEIVING_INSTITUTION_COUNTRY, RECEIVING_INSTITUTION_FAX, RECEIVING_INSTITUTION_PHONE) VALUES (1, 'kancelaria@prz.edu.pl', 'Politechnika Rzeszowska', 'im. Ignacego Łukasiewicza', 'w Rzeszowie', 'Aleja Powstańców Warszawy 12', '35-959 Rzeszów', 'Poland', '+48178651100', '+48178541260' );

INSERT INTO SENDING_INSTITUTIONS (ID, SENDING_INSTITUTION_EMAIL, SENDING_INSTITUTION_NAME, SENDING_INSTITUTION_ADDRESS, SENDING_INSTITUTION_POST_CODE, SENDING_INSTITUTION_COUNTRY, SENDING_INSTITUTION_PHONE, SENDING_INSTITUTION_FAX) VALUES (1, 'netadmin@fh-swf.de', 'Fachhochschule Sudwestfalen', 'Haldener Str. 182', '58095 Hagen', 'Germany', '+490233193300', '+4902331/9330-777');
INSERT INTO SENDING_INSTITUTIONS (ID, SENDING_INSTITUTION_EMAIL, SENDING_INSTITUTION_NAME, SENDING_INSTITUTION_ADDRESS, SENDING_INSTITUTION_POST_CODE, SENDING_INSTITUTION_COUNTRY, SENDING_INSTITUTION_PHONE, SENDING_INSTITUTION_FAX) VALUES (2, 'tine.ternest@vives.be', 'VIVES University College Kortrijk', 'Xaverianenstraat 10', '8200 Bruges', 'Belgium', '+3250305233', '+3250305101');

INSERT INTO STUDENT_HAS_COURSES (student_id, course_id) VALUES (1, 1);
INSERT INTO STUDENT_HAS_COURSES (student_id, course_id) VALUES (1, 3);
INSERT INTO STUDENT_HAS_COURSES (student_id, course_id) VALUES (1, 4);
INSERT INTO STUDENT_HAS_COURSES (student_id, course_id) VALUES (1, 5);
INSERT INTO STUDENT_HAS_COURSES (student_id, course_id) VALUES (1, 7);
INSERT INTO STUDENT_HAS_COURSES (student_id, course_id) VALUES (1, 9);
INSERT INTO STUDENT_HAS_COURSES (student_id, course_id) VALUES (2, 1);
INSERT INTO STUDENT_HAS_COURSES (student_id, course_id) VALUES (2, 3);
INSERT INTO STUDENT_HAS_COURSES (student_id, course_id) VALUES (2, 4);
INSERT INTO STUDENT_HAS_COURSES (student_id, course_id) VALUES (2, 5);
INSERT INTO STUDENT_HAS_COURSES (student_id, course_id) VALUES (2, 7);
INSERT INTO STUDENT_HAS_COURSES (student_id, course_id) VALUES (2, 9);
INSERT INTO STUDENT_HAS_COURSES (student_id, course_id) VALUES (3, 1);
INSERT INTO STUDENT_HAS_COURSES (student_id, course_id) VALUES (3, 2);
INSERT INTO STUDENT_HAS_COURSES (student_id, course_id) VALUES (3, 3);
INSERT INTO STUDENT_HAS_COURSES (student_id, course_id) VALUES (3, 4);
INSERT INTO STUDENT_HAS_COURSES (student_id, course_id) VALUES (3, 5);
INSERT INTO STUDENT_HAS_COURSES (student_id, course_id) VALUES (3, 6);
INSERT INTO STUDENT_HAS_COURSES (student_id, course_id) VALUES (4, 1);
INSERT INTO STUDENT_HAS_COURSES (student_id, course_id) VALUES (5, 1);
INSERT INTO STUDENT_HAS_COURSES (student_id, course_id) VALUES (6, 1);
INSERT INTO STUDENT_HAS_COURSES (student_id, course_id) VALUES (7, 1);
INSERT INTO STUDENT_HAS_COURSES (student_id, course_id) VALUES (8, 1);
INSERT INTO STUDENT_HAS_COURSES (student_id, course_id) VALUES (9, 1);
INSERT INTO STUDENT_HAS_COURSES (student_id, course_id) VALUES (1, 10);
INSERT INTO STUDENT_HAS_COURSES (student_id, course_id) VALUES (2, 10);
INSERT INTO STUDENT_HAS_COURSES (student_id, course_id) VALUES (3, 10);
INSERT INTO STUDENT_HAS_COURSES (student_id, course_id) VALUES (4, 10);
INSERT INTO STUDENT_HAS_COURSES (student_id, course_id) VALUES (5, 10);
INSERT INTO STUDENT_HAS_COURSES (student_id, course_id) VALUES (6, 10);
INSERT INTO STUDENT_HAS_COURSES (student_id, course_id) VALUES (7, 10);
INSERT INTO STUDENT_HAS_COURSES (student_id, course_id) VALUES (8, 10);
INSERT INTO STUDENT_HAS_COURSES (student_id, course_id) VALUES (9, 10);
INSERT INTO STUDENT_HAS_COURSES (student_id, course_id) VALUES (1, 30);
INSERT INTO STUDENT_HAS_COURSES (student_id, course_id) VALUES (2, 30);
INSERT INTO STUDENT_HAS_COURSES (student_id, course_id) VALUES (3, 30);
INSERT INTO STUDENT_HAS_COURSES (student_id, course_id) VALUES (4, 30);
INSERT INTO STUDENT_HAS_COURSES (student_id, course_id) VALUES (5, 30);
INSERT INTO STUDENT_HAS_COURSES (student_id, course_id) VALUES (6, 30);
INSERT INTO STUDENT_HAS_COURSES (student_id, course_id) VALUES (7, 30);
INSERT INTO STUDENT_HAS_COURSES (student_id, course_id) VALUES (8, 30);
INSERT INTO STUDENT_HAS_COURSES (student_id, course_id) VALUES (9, 30);
